-- MySQL dump 10.13  Distrib 5.5.61, for Win32 (AMD64)
--
-- Host: localhost    Database: examxx
-- ------------------------------------------------------
-- Server version	5.5.61

/*!40101 SET @OLD_CHARACTER_SET_CLIENT=@@CHARACTER_SET_CLIENT */;
/*!40101 SET @OLD_CHARACTER_SET_RESULTS=@@CHARACTER_SET_RESULTS */;
/*!40101 SET @OLD_COLLATION_CONNECTION=@@COLLATION_CONNECTION */;
/*!40101 SET NAMES utf8 */;
/*!40103 SET @OLD_TIME_ZONE=@@TIME_ZONE */;
/*!40103 SET TIME_ZONE='+00:00' */;
/*!40014 SET @OLD_UNIQUE_CHECKS=@@UNIQUE_CHECKS, UNIQUE_CHECKS=0 */;
/*!40014 SET @OLD_FOREIGN_KEY_CHECKS=@@FOREIGN_KEY_CHECKS, FOREIGN_KEY_CHECKS=0 */;
/*!40101 SET @OLD_SQL_MODE=@@SQL_MODE, SQL_MODE='NO_AUTO_VALUE_ON_ZERO' */;
/*!40111 SET @OLD_SQL_NOTES=@@SQL_NOTES, SQL_NOTES=0 */;

--
-- Table structure for table `et_comment`
--

DROP TABLE IF EXISTS `et_comment`;
/*!40101 SET @saved_cs_client     = @@character_set_client */;
/*!40101 SET character_set_client = utf8 */;
CREATE TABLE `et_comment` (
  `comment_id` int(10) NOT NULL AUTO_INCREMENT,
  `question_id` int(10) NOT NULL,
  `index_id` int(10) NOT NULL,
  `user_id` int(10) NOT NULL,
  `content_msg` mediumtext NOT NULL,
  `quoto_id` int(10) NOT NULL DEFAULT '0',
  `re_id` int(10) NOT NULL DEFAULT '0',
  `create_time` timestamp NULL DEFAULT CURRENT_TIMESTAMP ON UPDATE CURRENT_TIMESTAMP,
  PRIMARY KEY (`comment_id`),
  KEY `fk_q_id` (`question_id`),
  KEY `fk_u_id` (`user_id`),
  CONSTRAINT `fk_q_id` FOREIGN KEY (`question_id`) REFERENCES `et_question` (`id`) ON DELETE CASCADE ON UPDATE CASCADE,
  CONSTRAINT `fk_u_id` FOREIGN KEY (`user_id`) REFERENCES `et_user` (`id`) ON DELETE CASCADE ON UPDATE CASCADE
) ENGINE=InnoDB DEFAULT CHARSET=utf8;
/*!40101 SET character_set_client = @saved_cs_client */;

--
-- Dumping data for table `et_comment`
--

LOCK TABLES `et_comment` WRITE;
/*!40000 ALTER TABLE `et_comment` DISABLE KEYS */;
/*!40000 ALTER TABLE `et_comment` ENABLE KEYS */;
UNLOCK TABLES;

--
-- Table structure for table `et_exam_paper`
--

DROP TABLE IF EXISTS `et_exam_paper`;
/*!40101 SET @saved_cs_client     = @@character_set_client */;
/*!40101 SET character_set_client = utf8 */;
CREATE TABLE `et_exam_paper` (
  `id` int(11) NOT NULL AUTO_INCREMENT,
  `name` varchar(40) NOT NULL,
  `content` mediumtext,
  `duration` int(11) NOT NULL COMMENT '试卷考试时间',
  `total_point` int(11) DEFAULT '0',
  `pass_point` int(11) DEFAULT '0',
  `group_id` int(11) NOT NULL COMMENT '班组ID',
  `is_visible` tinyint(1) NOT NULL DEFAULT '0' COMMENT '是否所有用户可见，默认为0',
  `status` tinyint(1) NOT NULL DEFAULT '0' COMMENT '试卷状态， 0未完成 -> 1已完成 -> 2已发布 -> 3通过审核 （已发布和通过审核的无法再修改）',
  `create_time` timestamp NOT NULL DEFAULT CURRENT_TIMESTAMP ON UPDATE CURRENT_TIMESTAMP,
  `summary` varchar(100) DEFAULT NULL COMMENT '试卷介绍',
  `is_subjective` tinyint(1) DEFAULT NULL COMMENT '为1表示为包含主观题的试卷，需阅卷',
  `answer_sheet` mediumtext COMMENT '试卷答案，用答题卡的结构保存',
  `creator` varchar(40) DEFAULT NULL COMMENT '创建人的账号',
  `paper_type` varchar(40) NOT NULL DEFAULT '1' COMMENT '0 真题 1 模拟 2 专家',
  `field_id` int(11) DEFAULT NULL,
  PRIMARY KEY (`id`),
  KEY `group_id` (`group_id`)
) ENGINE=InnoDB AUTO_INCREMENT=3 DEFAULT CHARSET=utf8 COMMENT='试卷';
/*!40101 SET character_set_client = @saved_cs_client */;

--
-- Dumping data for table `et_exam_paper`
--

LOCK TABLES `et_exam_paper` WRITE;
/*!40000 ALTER TABLE `et_exam_paper` DISABLE KEYS */;
/*!40000 ALTER TABLE `et_exam_paper` ENABLE KEYS */;
UNLOCK TABLES;

--
-- Table structure for table `et_field`
--

DROP TABLE IF EXISTS `et_field`;
/*!40101 SET @saved_cs_client     = @@character_set_client */;
/*!40101 SET character_set_client = utf8 */;
CREATE TABLE `et_field` (
  `field_id` int(5) NOT NULL AUTO_INCREMENT,
  `field_name` varchar(50) NOT NULL,
  `memo` varchar(100) DEFAULT NULL,
  `state` decimal(1,0) NOT NULL DEFAULT '1' COMMENT '1 正常 0 废弃',
  PRIMARY KEY (`field_id`)
) ENGINE=InnoDB AUTO_INCREMENT=2 DEFAULT CHARSET=utf8;
/*!40101 SET character_set_client = @saved_cs_client */;

--
-- Dumping data for table `et_field`
--

LOCK TABLES `et_field` WRITE;
/*!40000 ALTER TABLE `et_field` DISABLE KEYS */;
INSERT INTO `et_field` VALUES (1,'N4','N4',1);
/*!40000 ALTER TABLE `et_field` ENABLE KEYS */;
UNLOCK TABLES;

--
-- Table structure for table `et_group`
--

DROP TABLE IF EXISTS `et_group`;
/*!40101 SET @saved_cs_client     = @@character_set_client */;
/*!40101 SET character_set_client = utf8 */;
CREATE TABLE `et_group` (
  `id` int(11) NOT NULL AUTO_INCREMENT,
  `name` varchar(40) NOT NULL,
  `group_level_id` int(11) NOT NULL COMMENT '班组级别',
  `parent` int(11) NOT NULL,
  PRIMARY KEY (`id`),
  KEY `group_level_id` (`group_level_id`),
  KEY `parent` (`parent`)
) ENGINE=InnoDB DEFAULT CHARSET=utf8 COMMENT='班组';
/*!40101 SET character_set_client = @saved_cs_client */;

--
-- Dumping data for table `et_group`
--

LOCK TABLES `et_group` WRITE;
/*!40000 ALTER TABLE `et_group` DISABLE KEYS */;
/*!40000 ALTER TABLE `et_group` ENABLE KEYS */;
UNLOCK TABLES;

--
-- Table structure for table `et_knowledge_point`
--

DROP TABLE IF EXISTS `et_knowledge_point`;
/*!40101 SET @saved_cs_client     = @@character_set_client */;
/*!40101 SET character_set_client = utf8 */;
CREATE TABLE `et_knowledge_point` (
  `point_id` int(5) NOT NULL AUTO_INCREMENT,
  `point_name` varchar(100) NOT NULL,
  `field_id` int(5) NOT NULL,
  `memo` varchar(100) DEFAULT NULL,
  `state` decimal(1,0) DEFAULT '1' COMMENT '1:正常 0：废弃',
  PRIMARY KEY (`point_id`),
  KEY `fk_knowledge_field` (`field_id`),
  CONSTRAINT `et_knowledge_point_ibfk_1` FOREIGN KEY (`field_id`) REFERENCES `et_field` (`field_id`)
) ENGINE=InnoDB AUTO_INCREMENT=5 DEFAULT CHARSET=utf8;
/*!40101 SET character_set_client = @saved_cs_client */;

--
-- Dumping data for table `et_knowledge_point`
--

LOCK TABLES `et_knowledge_point` WRITE;
/*!40000 ALTER TABLE `et_knowledge_point` DISABLE KEYS */;
INSERT INTO `et_knowledge_point` VALUES (1,'N3',1,'N3',1),(2,'道路交通信号',1,'道路交通信号',1),(3,'N4',1,'N4',1),(4,'机动车驾驶操作相关基础知识',1,'机动车驾驶操作相关基础知识',1);
/*!40000 ALTER TABLE `et_knowledge_point` ENABLE KEYS */;
UNLOCK TABLES;

--
-- Table structure for table `et_news`
--

DROP TABLE IF EXISTS `et_news`;
/*!40101 SET @saved_cs_client     = @@character_set_client */;
/*!40101 SET character_set_client = utf8 */;
CREATE TABLE `et_news` (
  `id` int(11) NOT NULL AUTO_INCREMENT,
  `titile` varchar(100) NOT NULL,
  `content` varchar(2000) NOT NULL,
  `user_id` int(11) NOT NULL COMMENT '创建人',
  `create_time` timestamp NOT NULL DEFAULT CURRENT_TIMESTAMP ON UPDATE CURRENT_TIMESTAMP COMMENT '创建时间',
  `is_expire` tinyint(1) NOT NULL DEFAULT '0' COMMENT '是否过期',
  `type` tinyint(1) NOT NULL DEFAULT '0' COMMENT '0 新闻， 1 系统信息',
  `group_id` int(11) NOT NULL DEFAULT '-1' COMMENT '此系统属于哪个组',
  PRIMARY KEY (`id`),
  KEY `user_id` (`user_id`),
  CONSTRAINT `et_news_ibfk_1` FOREIGN KEY (`user_id`) REFERENCES `et_user` (`id`)
) ENGINE=InnoDB DEFAULT CHARSET=utf8;
/*!40101 SET character_set_client = @saved_cs_client */;

--
-- Dumping data for table `et_news`
--

LOCK TABLES `et_news` WRITE;
/*!40000 ALTER TABLE `et_news` DISABLE KEYS */;
/*!40000 ALTER TABLE `et_news` ENABLE KEYS */;
UNLOCK TABLES;

--
-- Table structure for table `et_practice_paper`
--

DROP TABLE IF EXISTS `et_practice_paper`;
/*!40101 SET @saved_cs_client     = @@character_set_client */;
/*!40101 SET character_set_client = utf8 */;
CREATE TABLE `et_practice_paper` (
  `id` int(11) NOT NULL AUTO_INCREMENT,
  `user_id` int(11) NOT NULL,
  `name` varchar(40) NOT NULL,
  `content` mediumtext,
  `duration` int(11) NOT NULL COMMENT '试卷考试时间',
  `total_point` int(11) DEFAULT '0',
  `pass_point` int(11) DEFAULT '0',
  `group_id` int(11) NOT NULL COMMENT '班组ID',
  `is_visible` tinyint(1) NOT NULL DEFAULT '0' COMMENT '是否所有用户可见，默认为0',
  `status` tinyint(1) NOT NULL DEFAULT '0' COMMENT '试卷状态， 0未完成 -> 1已完成 -> 2已发布 -> 3通过审核 （已发布和通过审核的无法再修改）',
  `create_time` timestamp NOT NULL DEFAULT CURRENT_TIMESTAMP ON UPDATE CURRENT_TIMESTAMP,
  `summary` varchar(100) DEFAULT NULL COMMENT '试卷介绍',
  `is_subjective` tinyint(1) DEFAULT NULL COMMENT '为1表示为包含主观题的试卷，需阅卷',
  `answer_sheet` mediumtext COMMENT '试卷答案，用答题卡的结构保存',
  `creator` varchar(40) DEFAULT NULL COMMENT '创建人的账号',
  PRIMARY KEY (`id`),
  KEY `group_id` (`group_id`)
) ENGINE=InnoDB DEFAULT CHARSET=utf8 COMMENT='试卷';
/*!40101 SET character_set_client = @saved_cs_client */;

--
-- Dumping data for table `et_practice_paper`
--

LOCK TABLES `et_practice_paper` WRITE;
/*!40000 ALTER TABLE `et_practice_paper` DISABLE KEYS */;
/*!40000 ALTER TABLE `et_practice_paper` ENABLE KEYS */;
UNLOCK TABLES;

--
-- Table structure for table `et_question`
--

DROP TABLE IF EXISTS `et_question`;
/*!40101 SET @saved_cs_client     = @@character_set_client */;
/*!40101 SET character_set_client = utf8 */;
CREATE TABLE `et_question` (
  `id` int(11) NOT NULL AUTO_INCREMENT,
  `name` varchar(40) NOT NULL,
  `content` varchar(2000) NOT NULL,
  `question_type_id` int(11) NOT NULL COMMENT '题型',
  `duration` int(11) DEFAULT NULL COMMENT '试题考试时间',
  `points` int(11) DEFAULT NULL,
  `group_id` int(11) DEFAULT NULL COMMENT '班组ID',
  `is_visible` tinyint(1) NOT NULL DEFAULT '0' COMMENT '试题可见性',
  `create_time` timestamp NULL DEFAULT NULL,
  `creator` varchar(20) NOT NULL DEFAULT 'admin' COMMENT '创建者',
  `last_modify` timestamp NULL DEFAULT CURRENT_TIMESTAMP,
  `answer` mediumtext NOT NULL,
  `expose_times` int(11) NOT NULL DEFAULT '2',
  `right_times` int(11) NOT NULL DEFAULT '1',
  `wrong_times` int(11) NOT NULL DEFAULT '1',
  `difficulty` int(5) NOT NULL DEFAULT '1',
  `analysis` mediumtext,
  `reference` varchar(1000) DEFAULT NULL,
  `examing_point` varchar(5000) DEFAULT NULL,
  `keyword` varchar(5000) DEFAULT NULL,
  PRIMARY KEY (`id`),
  KEY `question_type_id` (`question_type_id`),
  KEY `et_question_ibfk_5` (`creator`),
  CONSTRAINT `et_question_ibfk_1` FOREIGN KEY (`question_type_id`) REFERENCES `et_question_type` (`id`)
) ENGINE=InnoDB AUTO_INCREMENT=209 DEFAULT CHARSET=utf8 COMMENT='试题';
/*!40101 SET character_set_client = @saved_cs_client */;

--
-- Dumping data for table `et_question`
--

LOCK TABLES `et_question` WRITE;
/*!40000 ALTER TABLE `et_question` DISABLE KEYS */;
INSERT INTO `et_question` VALUES (134,'この　ほんだなは　(...','<QuestionContent>\n  <title>この　ほんだなは　(自分)で　つくりました。</title>\n  <titleImg></titleImg>\n  <choiceList>\n    <entry>\n      <string>A</string>\n      <string>じぷん</string>\n    </entry>\n    <entry>\n      <string>B</string>\n      <string>じぶん</string>\n    </entry>\n    <entry>\n      <string>C</string>\n      <string>じいぷん</string>\n    </entry>\n    <entry>\n      <string>D</string>\n      <string>じいぶん</string>\n    </entry>\n  </choiceList>\n</QuestionContent>',1,NULL,0,NULL,0,NULL,'admin','2020-06-09 09:31:35','B',2,1,1,1,NULL,'','',''),(135,'この　(旅館)は　と...','<QuestionContent>\n  <title>この　(旅館)は　とても　ゆうめいです。</title>\n  <titleImg></titleImg>\n  <choiceList>\n    <entry>\n      <string>A</string>\n      <string>りょうかん</string>\n    </entry>\n    <entry>\n      <string>B</string>\n      <string>りょうがん</string>\n    </entry>\n    <entry>\n      <string>C</string>\n      <string>りょかん</string>\n    </entry>\n    <entry>\n      <string>D</string>\n      <string>りょがん</string>\n    </entry>\n  </choiceList>\n</QuestionContent>',1,NULL,0,NULL,0,NULL,'admin','2020-06-10 06:19:32','C',2,1,1,1,'','','',''),(136,'今は　(特に)　ほし...','<QuestionContent>\n  <title>今は　(特に)　ほしい　ものは　ありません。</title>\n  <titleImg></titleImg>\n  <choiceList>\n    <entry>\n      <string>A</string>\n      <string>さきに</string>\n    </entry>\n    <entry>\n      <string>B</string>\n      <string>べつに</string>\n    </entry>\n    <entry>\n      <string>C</string>\n      <string>すぐに</string>\n    </entry>\n    <entry>\n      <string>D</string>\n      <string>とくに</string>\n    </entry>\n  </choiceList>\n</QuestionContent>',1,NULL,0,NULL,0,NULL,'admin','2020-06-10 06:19:32','D',2,1,1,1,'','','',''),(137,'なつやすみの　よてい...','<QuestionContent>\n  <title>なつやすみの　よていが　(決まりました)。</title>\n  <titleImg></titleImg>\n  <choiceList>\n    <entry>\n      <string>A</string>\n      <string>あつまりました</string>\n    </entry>\n    <entry>\n      <string>B</string>\n      <string>きまりました</string>\n    </entry>\n    <entry>\n      <string>C</string>\n      <string>はじまりました</string>\n    </entry>\n    <entry>\n      <string>D</string>\n      <string>とまりました</string>\n    </entry>\n  </choiceList>\n</QuestionContent>',1,NULL,0,NULL,0,NULL,'admin','2020-06-10 06:19:32','B',2,1,1,1,'','','',''),(138,'この　国は　ロボット...','<QuestionContent>\n  <title>この　国は　ロボットの　ぎじゅつが　（進んで）　いる。</title>\n  <titleImg></titleImg>\n  <choiceList>\n    <entry>\n      <string>A</string>\n      <string>つづんで</string>\n    </entry>\n    <entry>\n      <string>B</string>\n      <string>すずんで</string>\n    </entry>\n    <entry>\n      <string>C</string>\n      <string>つつんで</string>\n    </entry>\n    <entry>\n      <string>D</string>\n      <string>すすんで</string>\n    </entry>\n  </choiceList>\n</QuestionContent>',1,NULL,0,NULL,0,NULL,'admin','2020-06-10 06:19:32','D',2,1,1,1,'','','',''),(139,'この　(旅館)は　と...','<QuestionContent>\n  <title>この　(旅館)は　とても　ゆうめいです。</title>\n  <titleImg></titleImg>\n  <choiceList>\n    <entry>\n      <string>A</string>\n      <string>りょうかん</string>\n    </entry>\n    <entry>\n      <string>B</string>\n      <string>りょうがん</string>\n    </entry>\n    <entry>\n      <string>C</string>\n      <string>りょかん</string>\n    </entry>\n    <entry>\n      <string>D</string>\n      <string>りょがん</string>\n    </entry>\n  </choiceList>\n</QuestionContent>',1,NULL,0,NULL,0,NULL,'admin','2020-06-10 06:28:04','C',2,1,1,1,'','','',''),(140,'今は　(特に)　ほし...','<QuestionContent>\n  <title>今は　(特に)　ほしい　ものは　ありません。</title>\n  <titleImg></titleImg>\n  <choiceList>\n    <entry>\n      <string>A</string>\n      <string>さきに</string>\n    </entry>\n    <entry>\n      <string>B</string>\n      <string>べつに</string>\n    </entry>\n    <entry>\n      <string>C</string>\n      <string>すぐに</string>\n    </entry>\n    <entry>\n      <string>D</string>\n      <string>とくに</string>\n    </entry>\n  </choiceList>\n</QuestionContent>',1,NULL,0,NULL,0,NULL,'admin','2020-06-10 06:28:04','D',2,1,1,1,'','','',''),(141,'なつやすみの　よてい...','<QuestionContent>\n  <title>なつやすみの　よていが　(決まりました)。</title>\n  <titleImg></titleImg>\n  <choiceList>\n    <entry>\n      <string>A</string>\n      <string>あつまりました</string>\n    </entry>\n    <entry>\n      <string>B</string>\n      <string>きまりました</string>\n    </entry>\n    <entry>\n      <string>C</string>\n      <string>はじまりました</string>\n    </entry>\n    <entry>\n      <string>D</string>\n      <string>とまりました</string>\n    </entry>\n  </choiceList>\n</QuestionContent>',1,NULL,0,NULL,0,NULL,'admin','2020-06-10 06:28:04','B',2,1,1,1,'','','',''),(142,'この　国は　ロボット...','<QuestionContent>\n  <title>この　国は　ロボットの　ぎじゅつが　（進んで）　いる。</title>\n  <titleImg></titleImg>\n  <choiceList>\n    <entry>\n      <string>A</string>\n      <string>つづんで</string>\n    </entry>\n    <entry>\n      <string>B</string>\n      <string>すずんで</string>\n    </entry>\n    <entry>\n      <string>C</string>\n      <string>つつんで</string>\n    </entry>\n    <entry>\n      <string>D</string>\n      <string>すすんで</string>\n    </entry>\n  </choiceList>\n</QuestionContent>',1,NULL,0,NULL,0,NULL,'admin','2020-06-10 06:28:04','D',2,1,1,1,'','','',''),(143,'スーツケースを　(運...','<QuestionContent>\n  <title>スーツケースを　(運んで)　います。</title>\n  <titleImg></titleImg>\n  <choiceList>\n    <entry>\n      <string>A</string>\n      <string>かんで</string>\n    </entry>\n    <entry>\n      <string>B</string>\n      <string>ふんで</string>\n    </entry>\n    <entry>\n      <string>C</string>\n      <string>ほこんで</string>\n    </entry>\n    <entry>\n      <string>D</string>\n      <string>たのんで</string>\n    </entry>\n  </choiceList>\n</QuestionContent>',1,NULL,0,NULL,0,NULL,'admin','2020-06-10 06:28:04','C',2,1,1,1,'','','',''),(144,'(空港)まで　バスで...','<QuestionContent>\n  <title>(空港)まで　バスで　行きます。</title>\n  <titleImg></titleImg>\n  <choiceList>\n    <entry>\n      <string>A</string>\n      <string>こうく</string>\n    </entry>\n    <entry>\n      <string>B</string>\n      <string>こうくう</string>\n    </entry>\n    <entry>\n      <string>C</string>\n      <string>くうこ</string>\n    </entry>\n    <entry>\n      <string>D</string>\n      <string>くうこう</string>\n    </entry>\n  </choiceList>\n</QuestionContent>',1,NULL,0,NULL,0,NULL,'admin','2020-06-10 06:28:04','D',2,1,1,1,'','','',''),(145,'あさより　かぜが　す...','<QuestionContent>\n  <title>あさより　かぜが　すこし　(弱く)　なりました。</title>\n  <titleImg></titleImg>\n  <choiceList>\n    <entry>\n      <string>A</string>\n      <string>よわく</string>\n    </entry>\n    <entry>\n      <string>B</string>\n      <string>こうくう</string>\n    </entry>\n    <entry>\n      <string>C</string>\n      <string>くうこ</string>\n    </entry>\n    <entry>\n      <string>D</string>\n      <string>くうこう</string>\n    </entry>\n  </choiceList>\n</QuestionContent>',1,NULL,0,NULL,0,NULL,'admin','2020-06-10 06:28:04','A',2,1,1,1,'','','',''),(146,'あさより　かぜが　す...','<QuestionContent>\n  <title>あさより　かぜが　すこし　(弱く)　なりました。</title>\n  <titleImg></titleImg>\n  <choiceList>\n    <entry>\n      <string>A</string>\n      <string>よわく</string>\n    </entry>\n    <entry>\n      <string>B</string>\n      <string>つよく</string>\n    </entry>\n    <entry>\n      <string>C</string>\n      <string>おそく</string>\n    </entry>\n    <entry>\n      <string>D</string>\n      <string>はやく</string>\n    </entry>\n  </choiceList>\n</QuestionContent>',1,NULL,0,NULL,0,NULL,'admin','2020-06-10 06:28:04','A',2,1,1,1,'','','',''),(147,'この　(旅館)は　と...','<QuestionContent>\n  <title>この　(旅館)は　とても　ゆうめいです。</title>\n  <titleImg></titleImg>\n  <choiceList>\n    <entry>\n      <string>A</string>\n      <string>りょうかん</string>\n    </entry>\n    <entry>\n      <string>B</string>\n      <string>りょうがん</string>\n    </entry>\n    <entry>\n      <string>C</string>\n      <string>りょかん</string>\n    </entry>\n    <entry>\n      <string>D</string>\n      <string>りょがん</string>\n    </entry>\n  </choiceList>\n</QuestionContent>',1,NULL,0,NULL,0,NULL,'admin','2020-06-10 06:44:58','C',2,1,1,1,'','','',''),(148,'新しい　(住所)を　...','<QuestionContent>\n  <title>新しい　(住所)を　教えてください。</title>\n  <titleImg></titleImg>\n  <choiceList>\n    <entry>\n      <string>A</string>\n      <string>じゅうしょ</string>\n    </entry>\n    <entry>\n      <string>B</string>\n      <string>じゅうしょう</string>\n    </entry>\n    <entry>\n      <string>C</string>\n      <string>じゅじょ</string>\n    </entry>\n    <entry>\n      <string>D</string>\n      <string>じゅじょう</string>\n    </entry>\n  </choiceList>\n</QuestionContent>',1,NULL,0,NULL,0,NULL,'admin','2020-06-10 06:44:58','A',2,1,1,1,'','','',''),(149,'この　カメラの　つか...','<QuestionContent>\n  <title>この　カメラの　つかいかたを　(せつめい)して　ください。</title>\n  <titleImg></titleImg>\n  <choiceList>\n    <entry>\n      <string>A</string>\n      <string>訳明</string>\n    </entry>\n    <entry>\n      <string>B</string>\n      <string>設明</string>\n    </entry>\n    <entry>\n      <string>C</string>\n      <string>説明</string>\n    </entry>\n    <entry>\n      <string>D</string>\n      <string>記明</string>\n    </entry>\n  </choiceList>\n</QuestionContent>',1,NULL,0,NULL,0,NULL,'admin','2020-06-10 06:44:58','C',2,1,1,1,'','','',''),(150,'わたしは　いつも　あ...','<QuestionContent>\n  <title>わたしは　いつも　あさ　７時　(おきます)。</title>\n  <titleImg></titleImg>\n  <choiceList>\n    <entry>\n      <string>A</string>\n      <string>起きます</string>\n    </entry>\n    <entry>\n      <string>B</string>\n      <string>います</string>\n    </entry>\n    <entry>\n      <string>C</string>\n      <string>たります</string>\n    </entry>\n    <entry>\n      <string>D</string>\n      <string>きます</string>\n    </entry>\n  </choiceList>\n</QuestionContent>',1,NULL,0,NULL,0,NULL,'admin','2020-06-10 06:56:00','A',2,1,1,1,'','','',''),(151,'ちかてつの　えきは　...','<QuestionContent>\n  <title>ちかてつの　えきは　ここから　(とおい)です。</title>\n  <titleImg></titleImg>\n  <choiceList>\n    <entry>\n      <string>A</string>\n      <string>近い</string>\n    </entry>\n    <entry>\n      <string>B</string>\n      <string>遠い</string>\n    </entry>\n    <entry>\n      <string>C</string>\n      <string>違い</string>\n    </entry>\n    <entry>\n      <string>D</string>\n      <string>通い</string>\n    </entry>\n  </choiceList>\n</QuestionContent>',1,NULL,0,NULL,0,NULL,'admin','2020-06-10 06:56:00','B',2,1,1,1,'','','',''),(152,'毎日　(やさい)を　...','<QuestionContent>\n  <title>毎日　(やさい)を　食べます。</title>\n  <titleImg></titleImg>\n  <choiceList>\n    <entry>\n      <string>A</string>\n      <string>理</string>\n    </entry>\n    <entry>\n      <string>B</string>\n      <string>理菜</string>\n    </entry>\n    <entry>\n      <string>C</string>\n      <string>野</string>\n    </entry>\n    <entry>\n      <string>D</string>\n      <string>野菜</string>\n    </entry>\n  </choiceList>\n</QuestionContent>',1,NULL,0,NULL,0,NULL,'admin','2020-06-10 06:56:00','D',2,1,1,1,'','','',''),(153,'目を　(とじて)　く...','<QuestionContent>\n  <title>目を　(とじて)　ください。</title>\n  <titleImg></titleImg>\n  <choiceList>\n    <entry>\n      <string>A</string>\n      <string>じて</string>\n    </entry>\n    <entry>\n      <string>B</string>\n      <string>開じて</string>\n    </entry>\n    <entry>\n      <string>C</string>\n      <string>閉じて</string>\n    </entry>\n    <entry>\n      <string>D</string>\n      <string>関じて</string>\n    </entry>\n  </choiceList>\n</QuestionContent>',1,NULL,0,NULL,0,NULL,'admin','2020-06-10 06:56:00','C',2,1,1,1,'','','',''),(154,'この　店は　９時から...','<QuestionContent>\n  <title>この　店は　９時から　６時まで　(えいぎょう)して　います。</title>\n  <titleImg></titleImg>\n  <choiceList>\n    <entry>\n      <string>A</string>\n      <string>宮業</string>\n    </entry>\n    <entry>\n      <string>B</string>\n      <string>営業</string>\n    </entry>\n    <entry>\n      <string>C</string>\n      <string>宮事</string>\n    </entry>\n    <entry>\n      <string>D</string>\n      <string>営事</string>\n    </entry>\n  </choiceList>\n</QuestionContent>',1,NULL,0,NULL,0,NULL,'admin','2020-06-10 06:56:00','B',2,1,1,1,'','','',''),(155,'大学の（　　　）が　...','<QuestionContent>\n  <title>大学の（　　　）が　この　会社に　つとめて　います。</title>\n  <titleImg></titleImg>\n  <choiceList>\n    <entry>\n      <string>A</string>\n      <string>せんぱい</string>\n    </entry>\n    <entry>\n      <string>B</string>\n      <string>しゃいん</string>\n    </entry>\n    <entry>\n      <string>C</string>\n      <string>てんいん</string>\n    </entry>\n    <entry>\n      <string>D</string>\n      <string>しゃちょう</string>\n    </entry>\n  </choiceList>\n</QuestionContent>',1,NULL,0,NULL,0,NULL,'admin','2020-06-10 06:56:00','A',2,1,1,1,'','','',''),(156,'いえを　出る　前に、...','<QuestionContent>\n  <title>いえを　出る　前に、でんきを　けしたか（　　　）しました。</title>\n  <titleImg></titleImg>\n  <choiceList>\n    <entry>\n      <string>A</string>\n      <string>スタート</string>\n    </entry>\n    <entry>\n      <string>B</string>\n      <string>オープン</string>\n    </entry>\n    <entry>\n      <string>C</string>\n      <string>スイッチ</string>\n    </entry>\n    <entry>\n      <string>D</string>\n      <string>チェック</string>\n    </entry>\n  </choiceList>\n</QuestionContent>',1,NULL,0,NULL,0,NULL,'admin','2020-06-10 06:56:01','D',2,1,1,1,'','','',''),(157,'りょうしんが　来たの...','<QuestionContent>\n  <title>りょうしんが　来たので、とうきょうを（　　　）しました。</title>\n  <titleImg></titleImg>\n  <choiceList>\n    <entry>\n      <string>A</string>\n      <string>うけつけ</string>\n    </entry>\n    <entry>\n      <string>B</string>\n      <string>あんない</string>\n    </entry>\n    <entry>\n      <string>C</string>\n      <string>れんらく</string>\n    </entry>\n    <entry>\n      <string>D</string>\n      <string>しょうたい</string>\n    </entry>\n  </choiceList>\n</QuestionContent>',1,NULL,0,NULL,0,NULL,'admin','2020-06-10 06:56:01','B',2,1,1,1,'','','',''),(158,'ともだちは　やくそく...','<QuestionContent>\n  <title>ともだちは　やくそくの　時間に　おくれましたが、みんなに（　　　）。</title>\n  <titleImg></titleImg>\n  <choiceList>\n    <entry>\n      <string>A</string>\n      <string>いけませんでした</string>\n    </entry>\n    <entry>\n      <string>B</string>\n      <string>すみませんでした</string>\n    </entry>\n    <entry>\n      <string>C</string>\n      <string>あやまりませんでした</string>\n    </entry>\n    <entry>\n      <string>D</string>\n      <string>まにあいませんでした</string>\n    </entry>\n  </choiceList>\n</QuestionContent>',1,NULL,0,NULL,0,NULL,'admin','2020-06-10 06:56:01','C',2,1,1,1,'','','',''),(159,'この　ねこは（　　　...','<QuestionContent>\n  <title>この　ねこは（　　　）いるので　おもいです。</title>\n  <titleImg></titleImg>\n  <choiceList>\n    <entry>\n      <string>A</string>\n      <string>たりで</string>\n    </entry>\n    <entry>\n      <string>B</string>\n      <string>ふとって</string>\n    </entry>\n    <entry>\n      <string>C</string>\n      <string>ふえて</string>\n    </entry>\n    <entry>\n      <string>D</string>\n      <string>のこって</string>\n    </entry>\n  </choiceList>\n</QuestionContent>',1,NULL,0,NULL,0,NULL,'admin','2020-06-10 06:56:01','B',2,1,1,1,'','','',''),(160,'みんなで　かんがえれ...','<QuestionContent>\n  <title>みんなで　かんがえれば、いい（　　　）が　でるかもしれません。</title>\n  <titleImg></titleImg>\n  <choiceList>\n    <entry>\n      <string>A</string>\n      <string>アイディア</string>\n    </entry>\n    <entry>\n      <string>B</string>\n      <string>ニュース</string>\n    </entry>\n    <entry>\n      <string>C</string>\n      <string>ふえて</string>\n    </entry>\n    <entry>\n      <string>D</string>\n      <string>のこって</string>\n    </entry>\n  </choiceList>\n</QuestionContent>',1,NULL,0,NULL,0,NULL,'admin','2020-06-10 06:56:01','A',2,1,1,1,'','','',''),(161,'日本で　買った　本を...','<QuestionContent>\n  <title>日本で　買った　本を　国へ（　　　）。</title>\n  <titleImg></titleImg>\n  <choiceList>\n    <entry>\n      <string>A</string>\n      <string>おとしました</string>\n    </entry>\n    <entry>\n      <string>B</string>\n      <string>かけました</string>\n    </entry>\n    <entry>\n      <string>C</string>\n      <string>おくりました</string>\n    </entry>\n    <entry>\n      <string>D</string>\n      <string>なげました</string>\n    </entry>\n  </choiceList>\n</QuestionContent>',1,NULL,0,NULL,0,NULL,'admin','2020-06-10 06:56:01','C',2,1,1,1,'','','',''),(180,'この　コーヒーは　ち...','<QuestionContent>\n  <title>この　コーヒーは　ちょっと　へんな　あじが（　　）。</title>\n  <titleImg></titleImg>\n  <choiceList>\n    <entry>\n      <string>A</string>\n      <string>来ますね</string>\n    </entry>\n    <entry>\n      <string>B</string>\n      <string>見ますね</string>\n    </entry>\n    <entry>\n      <string>C</string>\n      <string>しますね</string>\n    </entry>\n    <entry>\n      <string>D</string>\n      <string>いますね</string>\n    </entry>\n  </choiceList>\n</QuestionContent>',1,NULL,0,NULL,0,NULL,'admin','2020-06-10 08:07:22','D',2,1,1,1,'','','',''),(181,'お母さんの　びょうき...','<QuestionContent>\n  <title>お母さんの　びょうきが（　　　）、よかったですね。</title>\n  <titleImg></titleImg>\n  <choiceList>\n    <entry>\n      <string>A</string>\n      <string>おちて</string>\n    </entry>\n    <entry>\n      <string>B</string>\n      <string>きれて</string>\n    </entry>\n    <entry>\n      <string>C</string>\n      <string>しまって</string>\n    </entry>\n    <entry>\n      <string>D</string>\n      <string>なおって</string>\n    </entry>\n  </choiceList>\n</QuestionContent>',1,NULL,0,NULL,0,NULL,'admin','2020-06-10 08:07:23','D',2,1,1,1,'','','',''),(182,'かさを（　　　）ある...','<QuestionContent>\n  <title>かさを（　　　）あるいて　いる　人が　いるから、外は雨でしょう。</title>\n  <titleImg></titleImg>\n  <choiceList>\n    <entry>\n      <string>A</string>\n      <string>さして</string>\n    </entry>\n    <entry>\n      <string>B</string>\n      <string>おして</string>\n    </entry>\n    <entry>\n      <string>C</string>\n      <string>あけて</string>\n    </entry>\n    <entry>\n      <string>D</string>\n      <string>うけて</string>\n    </entry>\n  </choiceList>\n</QuestionContent>',1,NULL,0,NULL,0,NULL,'admin','2020-06-10 08:07:24','A',2,1,1,1,'','','',''),(183,'わたしは　やまださん...','<QuestionContent>\n  <title>わたしは　やまださんを　かいものに　さそいました。</title>\n  <titleImg></titleImg>\n  <choiceList>\n    <entry>\n      <string>A</string>\n      <string>わたしは　やまださんに「今日は　かいものに　いけません」と　言いました。</string>\n    </entry>\n    <entry>\n      <string>B</string>\n      <string>わたしは　やまださんに「今日から　かいものに　行って　きます」と　言いました。</string>\n    </entry>\n    <entry>\n      <string>C</string>\n      <string>わたしは　やまださんい「かいものに　行って　きて　ください」と　言いました。</string>\n    </entry>\n    <entry>\n      <string>D</string>\n      <string>わたしは　やまださんに「いっしょに　かいものに　いきませんか」と　言いました。</string>\n    </entry>\n  </choiceList>\n</QuestionContent>',1,NULL,0,NULL,0,NULL,'admin','2020-06-10 08:07:24','D',2,1,1,1,'','','',''),(184,'デパートで　さいふを...','<QuestionContent>\n  <title>デパートで　さいふを　ぬすまれました。</title>\n  <titleImg></titleImg>\n  <choiceList>\n    <entry>\n      <string>A</string>\n      <string>デパートで　さいふを　とられました。</string>\n    </entry>\n    <entry>\n      <string>B</string>\n      <string>デパートで　さいふを　みせられました。</string>\n    </entry>\n    <entry>\n      <string>C</string>\n      <string>デパートで　さいふを　わたされました。</string>\n    </entry>\n    <entry>\n      <string>D</string>\n      <string>デパートで　さいふを　かえされました。</string>\n    </entry>\n  </choiceList>\n</QuestionContent>',1,NULL,0,NULL,0,NULL,'admin','2020-06-10 08:07:25','A',2,1,1,1,'','','',''),(185,'この　車は　ヨーロッ...','<QuestionContent>\n  <title>この　車は　ヨーロッパです。</title>\n  <titleImg></titleImg>\n  <choiceList>\n    <entry>\n      <string>A</string>\n      <string>この　車は　ヨーロッパで　つくられて　います。</string>\n    </entry>\n    <entry>\n      <string>B</string>\n      <string>この　車は　ヨーロッパで　のられて　います。</string>\n    </entry>\n    <entry>\n      <string>C</string>\n      <string>この　車は　ヨーロッパで　しられて　います。</string>\n    </entry>\n    <entry>\n      <string>D</string>\n      <string>この　車は　ヨーロッパで　かわれて　います。</string>\n    </entry>\n  </choiceList>\n</QuestionContent>',1,NULL,0,NULL,0,NULL,'admin','2020-06-10 08:15:40','C',2,1,1,1,'','','',''),(186,'やまもとさんの　じは...','<QuestionContent>\n  <title>やまもとさんの　じは　こまかいです。</title>\n  <titleImg></titleImg>\n  <choiceList>\n    <entry>\n      <string>A</string>\n      <string>やまもとさんの　じは　きれいです。</string>\n    </entry>\n    <entry>\n      <string>B</string>\n      <string>やまもとさんの　じは　きたないです。</string>\n    </entry>\n    <entry>\n      <string>C</string>\n      <string>やまもとさんの　じは　ちいさいです。</string>\n    </entry>\n    <entry>\n      <string>D</string>\n      <string>やまもとさんの　じは　おおきいです。</string>\n    </entry>\n  </choiceList>\n</QuestionContent>',1,NULL,0,NULL,0,NULL,'admin','2020-06-10 08:15:40','C',2,1,1,1,'','','',''),(187,'きのうの　かいぎには...','<QuestionContent>\n  <title>きのうの　かいぎには　たなかさんいがいは　来ました。</title>\n  <titleImg></titleImg>\n  <choiceList>\n    <entry>\n      <string>A</string>\n      <string>きのうの　かいぎには　たなかさんは　来ましたが、ほかの　人は　来ませんでした。</string>\n    </entry>\n    <entry>\n      <string>B</string>\n      <string>きのうの　かいぎには　たなかさんは　来ませんでしたが、ほかの　人は　来ました。</string>\n    </entry>\n    <entry>\n      <string>C</string>\n      <string>きのうの　かいぎには　たなかさんが　来る　前に、ほかの　人が　来ました。</string>\n    </entry>\n    <entry>\n      <string>D</string>\n      <string>きのうの　かいぎには　たなかさんが　来た　後で、ほかの　人が　来ました。</string>\n    </entry>\n  </choiceList>\n</QuestionContent>',1,NULL,0,NULL,0,NULL,'admin','2020-06-10 08:15:40','A',2,1,1,1,'','','',''),(188,'とちゅう','<QuestionContent>\n  <title>とちゅう</title>\n  <titleImg></titleImg>\n  <choiceList>\n    <entry>\n      <string>A</string>\n      <string>こんやの　とちゅう、雨が　ふるでしょう。</string>\n    </entry>\n    <entry>\n      <string>B</string>\n      <string>まるい　テーブルの　とちゅうに　ケーキを　おきました。</string>\n    </entry>\n    <entry>\n      <string>C</string>\n      <string>ビルと　ビルの　とちゅうから　うみが　見えます。</string>\n    </entry>\n    <entry>\n      <string>D</string>\n      <string>かいぎの　とちゅうで　電話が　なりました。</string>\n    </entry>\n  </choiceList>\n</QuestionContent>',1,NULL,0,NULL,0,NULL,'admin','2020-06-10 08:15:40','D',2,1,1,1,'','','',''),(189,'おとなしい','<QuestionContent>\n  <title>おとなしい</title>\n  <titleImg></titleImg>\n  <choiceList>\n    <entry>\n      <string>A</string>\n      <string>今週は　しごとの　よていが　おとなしいです。</string>\n    </entry>\n    <entry>\n      <string>B</string>\n      <string>きのうは　おとなしい　天気でした。</string>\n    </entry>\n    <entry>\n      <string>C</string>\n      <string>たなかさんの　いぬは　おとなしいですね。</string>\n    </entry>\n    <entry>\n      <string>D</string>\n      <string>ここは　とても　おとなしい　レストランですね。</string>\n    </entry>\n  </choiceList>\n</QuestionContent>',1,NULL,0,NULL,0,NULL,'admin','2020-06-10 08:15:40','A',2,1,1,1,'','','',''),(195,'会えて嬉しいです。','<QuestionContent>\n  <title>会えて嬉しいです。</title>\n  <titleImg></titleImg>\n  <choiceList>\n    <entry>\n      <string>A</string>\n      <string>私も嬉しいです。</string>\n    </entry>\n  </choiceList>\n</QuestionContent>',2,NULL,0,NULL,0,NULL,'admin','2020-06-10 09:25:01','A',2,1,1,1,'','','',''),(196,'つたえる','<QuestionContent>\n  <title>つたえる</title>\n  <titleImg></titleImg>\n  <choiceList>\n    <entry>\n      <string>A</string>\n      <string>外国語の　しょうせつを　日本語に　つたえました。</string>\n    </entry>\n    <entry>\n      <string>B</string>\n      <string>学生に　しけんの　時間を　つたえました。</string>\n    </entry>\n    <entry>\n      <string>C</string>\n      <string>ゆうびんきょくで　にもつを　つたえました。</string>\n    </entry>\n    <entry>\n      <string>D</string>\n      <string>ともだちの　たんじょうびに　花を　つたえました。</string>\n    </entry>\n  </choiceList>\n</QuestionContent>',1,NULL,0,NULL,0,NULL,'admin','2020-06-11 02:02:23','B',2,1,1,1,'','','',''),(197,'かたづける','<QuestionContent>\n  <title>かたづける</title>\n  <titleImg></titleImg>\n  <choiceList>\n    <entry>\n      <string>A</string>\n      <string>へやを　かたづけて　パーティーの　じゅんびを　しました。</string>\n    </entry>\n    <entry>\n      <string>B</string>\n      <string>せんせいは　学生を　三つの　グループに　かたづけました。</string>\n    </entry>\n    <entry>\n      <string>C</string>\n      <string>プレゼントを　きれいな　はこに　かたづけて　ともだちに　あげます。</string>\n    </entry>\n    <entry>\n      <string>D</string>\n      <string>いろいろな　いけんが　出たので、少し　かたづけました。</string>\n    </entry>\n  </choiceList>\n</QuestionContent>',1,NULL,0,NULL,0,NULL,'admin','2020-06-11 02:02:23','A',2,1,1,1,'','','',''),(198,'にあう','<QuestionContent>\n  <title>にあう</title>\n  <titleImg></titleImg>\n  <choiceList>\n    <entry>\n      <string>A</string>\n      <string>いみの　にあって　いる　ことばが　たくさん　あります。</string>\n    </entry>\n    <entry>\n      <string>B</string>\n      <string>やまださんは　あかい　ふくが　にあいますね。</string>\n    </entry>\n    <entry>\n      <string>C</string>\n      <string>あの　子は　目が　お母さんに　にあって　いますね。</string>\n    </entry>\n    <entry>\n      <string>D</string>\n      <string>なんども　かぞえましたが、かずが　にあいません。</string>\n    </entry>\n  </choiceList>\n</QuestionContent>',1,NULL,0,NULL,0,NULL,'admin','2020-06-11 02:02:23','B',2,1,1,1,'','','',''),(199,'チーズは　ぎゅうにゅ...','<QuestionContent>\n  <title>チーズは　ぎゅうにゅう（　 　）作られます。</title>\n  <titleImg></titleImg>\n  <choiceList>\n    <entry>\n      <string>A</string>\n      <string>から</string>\n    </entry>\n    <entry>\n      <string>B</string>\n      <string>が</string>\n    </entry>\n    <entry>\n      <string>C</string>\n      <string>に</string>\n    </entry>\n    <entry>\n      <string>D</string>\n      <string>まで</string>\n    </entry>\n  </choiceList>\n</QuestionContent>',1,NULL,0,NULL,0,NULL,'admin','2020-06-11 02:02:23','A',2,1,1,1,'','','',''),(200,'この　料理は　電子レ...','<QuestionContent>\n  <title>この　料理は　電子レンジを　使えば（　　　）できます。</title>\n  <titleImg></titleImg>\n  <choiceList>\n    <entry>\n      <string>A</string>\n      <string>5、6分</string>\n    </entry>\n    <entry>\n      <string>B</string>\n      <string>5、6分で</string>\n    </entry>\n    <entry>\n      <string>C</string>\n      <string>5、6分</string>\n    </entry>\n    <entry>\n      <string>D</string>\n      <string>5、6分も</string>\n    </entry>\n  </choiceList>\n</QuestionContent>',1,NULL,0,NULL,0,NULL,'admin','2020-06-11 02:02:23','B',2,1,1,1,'','','',''),(201,'「駅は　どこですか。...','<QuestionContent>\n  <title>「駅は　どこですか。」と　外国人（　　　）聞かれたので、駅まで　いっしょに　行きました。</title>\n  <titleImg></titleImg>\n  <choiceList>\n    <entry>\n      <string>A</string>\n      <string>を</string>\n    </entry>\n    <entry>\n      <string>B</string>\n      <string>へ</string>\n    </entry>\n    <entry>\n      <string>C</string>\n      <string>に</string>\n    </entry>\n    <entry>\n      <string>D</string>\n      <string>か</string>\n    </entry>\n  </choiceList>\n</QuestionContent>',1,NULL,0,NULL,0,NULL,'admin','2020-06-11 02:02:23','C',2,1,1,1,'','','',''),(202,'わたしの　兄は、パソ...','<QuestionContent>\n  <title>わたしの　兄は、パソコンの　ことなら（　　　）わかります。</title>\n  <titleImg></titleImg>\n  <choiceList>\n    <entry>\n      <string>A</string>\n      <string>なんで</string>\n    </entry>\n    <entry>\n      <string>B</string>\n      <string>なにで</string>\n    </entry>\n    <entry>\n      <string>C</string>\n      <string>なんでも</string>\n    </entry>\n    <entry>\n      <string>D</string>\n      <string>なにも</string>\n    </entry>\n  </choiceList>\n</QuestionContent>',1,NULL,0,NULL,0,NULL,'admin','2020-06-11 02:02:23','C',2,1,1,1,'','','',''),(203,'A:「2時から　会議...','<QuestionContent>\n  <title>A:「2時から　会議だから、（　 　）行きましょうか。」B:「そうですね。」</title>\n  <titleImg></titleImg>\n  <choiceList>\n    <entry>\n      <string>A</string>\n      <string>そろそろ</string>\n    </entry>\n    <entry>\n      <string>B</string>\n      <string>だいたい</string>\n    </entry>\n    <entry>\n      <string>C</string>\n      <string>だんだん</string>\n    </entry>\n    <entry>\n      <string>D</string>\n      <string>なかなか</string>\n    </entry>\n  </choiceList>\n</QuestionContent>',1,NULL,0,NULL,0,NULL,'admin','2020-06-11 02:02:23','A',2,1,1,1,'','','',''),(204,'A:「草色　というの...','<QuestionContent>\n  <title>A:「草色　というのは　どんないろ　ですか。」\n　　　B:「今　わたしが　着ている　シャツの　ような、（　　　）色です。」</title>\n  <titleImg></titleImg>\n  <choiceList>\n    <entry>\n      <string>A</string>\n      <string>あんな</string>\n    </entry>\n    <entry>\n      <string>B</string>\n      <string>こんな</string>\n    </entry>\n    <entry>\n      <string>C</string>\n      <string>どの</string>\n    </entry>\n    <entry>\n      <string>D</string>\n      <string>その</string>\n    </entry>\n  </choiceList>\n</QuestionContent>',1,NULL,0,NULL,0,NULL,'admin','2020-06-11 02:02:23','B',2,1,1,1,'','','',''),(205,'つたえる','<QuestionContent>\n  <title>つたえる</title>\n  <titleImg></titleImg>\n  <choiceList>\n    <entry>\n      <string>A</string>\n      <string>外国語の　しょうせつを　日本語に　つたえました。</string>\n    </entry>\n    <entry>\n      <string>B</string>\n      <string>学生に　しけんの　時間を　つたえました。</string>\n    </entry>\n    <entry>\n      <string>C</string>\n      <string>ゆうびんきょくで　にもつを　つたえました。</string>\n    </entry>\n    <entry>\n      <string>D</string>\n      <string>ともだちの　たんじょうびに　花を　つたえました。</string>\n    </entry>\n  </choiceList>\n</QuestionContent>',1,NULL,0,NULL,0,NULL,'admin','2020-06-11 02:08:18','B',2,1,1,1,'','','',''),(206,'今日の　じゅうぎょは...','<QuestionContent>\n  <title>今日の　じゅうぎょは　休みだと　だれかが（　　　）を　聞きました。</title>\n  <titleImg></titleImg>\n  <choiceList>\n    <entry>\n      <string>A</string>\n      <string>言って　いる</string>\n    </entry>\n    <entry>\n      <string>B</string>\n      <string>言って　いるの</string>\n    </entry>\n    <entry>\n      <string>C</string>\n      <string>言って　いること</string>\n    </entry>\n    <entry>\n      <string>D</string>\n      <string>言って　いるもの</string>\n    </entry>\n  </choiceList>\n</QuestionContent>',1,NULL,0,NULL,0,NULL,'admin','2020-06-11 02:08:18','B',2,1,1,1,'','','',''),(207,'その　日の　天気を　...','<QuestionContent>\n  <title>その　日の　天気を　見て、ぼうしを　かぶるか（　　　）決めて　います。</title>\n  <titleImg></titleImg>\n  <choiceList>\n    <entry>\n      <string>A</string>\n      <string>かぶらない</string>\n    </entry>\n    <entry>\n      <string>B</string>\n      <string>かぶらなくて</string>\n    </entry>\n    <entry>\n      <string>C</string>\n      <string>かぶらないか</string>\n    </entry>\n    <entry>\n      <string>D</string>\n      <string>かぶらないが</string>\n    </entry>\n  </choiceList>\n</QuestionContent>',1,NULL,0,NULL,0,NULL,'admin','2020-06-11 02:08:18','C',2,1,1,1,'','','',''),(208,'教室に　試験の　時間...','<QuestionContent>\n  <title>教室に　試験の　時間割が　はって（　　　）。</title>\n  <titleImg></titleImg>\n  <choiceList>\n    <entry>\n      <string>A</string>\n      <string>あります</string>\n    </entry>\n    <entry>\n      <string>B</string>\n      <string>います</string>\n    </entry>\n    <entry>\n      <string>C</string>\n      <string>おきます</string>\n    </entry>\n    <entry>\n      <string>D</string>\n      <string>みます</string>\n    </entry>\n  </choiceList>\n</QuestionContent>',1,NULL,0,NULL,0,NULL,'admin','2020-06-11 02:08:18','A',2,1,1,1,'','','','');
/*!40000 ALTER TABLE `et_question` ENABLE KEYS */;
UNLOCK TABLES;

--
-- Table structure for table `et_question_2_point`
--

DROP TABLE IF EXISTS `et_question_2_point`;
/*!40101 SET @saved_cs_client     = @@character_set_client */;
/*!40101 SET character_set_client = utf8 */;
CREATE TABLE `et_question_2_point` (
  `question_2_point_id` int(10) NOT NULL AUTO_INCREMENT,
  `question_id` int(10) DEFAULT NULL,
  `point_id` int(10) DEFAULT NULL,
  PRIMARY KEY (`question_2_point_id`),
  KEY `fk_question_111` (`question_id`),
  KEY `fk_point_111` (`point_id`),
  CONSTRAINT `et_question_2_point_ibfk_1` FOREIGN KEY (`point_id`) REFERENCES `et_knowledge_point` (`point_id`),
  CONSTRAINT `et_question_2_point_ibfk_2` FOREIGN KEY (`question_id`) REFERENCES `et_question` (`id`)
) ENGINE=InnoDB AUTO_INCREMENT=198 DEFAULT CHARSET=utf8;
/*!40101 SET character_set_client = @saved_cs_client */;

--
-- Dumping data for table `et_question_2_point`
--

LOCK TABLES `et_question_2_point` WRITE;
/*!40000 ALTER TABLE `et_question_2_point` DISABLE KEYS */;
INSERT INTO `et_question_2_point` VALUES (129,134,3),(130,135,3),(131,136,1),(132,137,1),(133,138,3),(134,139,3),(135,140,1),(136,141,1),(137,142,3),(138,143,3),(139,144,3),(140,145,3),(141,146,3),(142,147,3),(143,148,3),(144,149,3),(145,150,3),(146,151,3),(147,152,3),(148,153,3),(149,154,3),(150,155,3),(151,156,3),(152,157,3),(153,158,3),(154,159,3),(155,160,3),(156,161,3),(169,180,3),(170,181,3),(171,182,3),(172,183,3),(173,184,3),(174,185,3),(175,186,3),(176,187,3),(177,188,3),(178,189,3),(184,195,3),(185,196,3),(186,197,3),(187,198,3),(188,199,3),(189,200,3),(190,201,3),(191,202,3),(192,203,3),(193,204,3),(194,205,1),(195,206,1),(196,207,1),(197,208,1);
/*!40000 ALTER TABLE `et_question_2_point` ENABLE KEYS */;
UNLOCK TABLES;

--
-- Table structure for table `et_question_2_tag`
--

DROP TABLE IF EXISTS `et_question_2_tag`;
/*!40101 SET @saved_cs_client     = @@character_set_client */;
/*!40101 SET character_set_client = utf8 */;
CREATE TABLE `et_question_2_tag` (
  `question_tag_id` int(11) NOT NULL AUTO_INCREMENT,
  `question_id` int(11) NOT NULL,
  `tag_id` int(11) NOT NULL,
  `create_time` timestamp NOT NULL DEFAULT CURRENT_TIMESTAMP ON UPDATE CURRENT_TIMESTAMP,
  `creator` varchar(100) DEFAULT NULL,
  PRIMARY KEY (`question_tag_id`),
  KEY `fk_question_tag_tid` (`tag_id`),
  KEY `fk_question_tag_qid` (`question_id`),
  CONSTRAINT `fk_question_tag_qid` FOREIGN KEY (`question_id`) REFERENCES `et_question` (`id`) ON DELETE CASCADE,
  CONSTRAINT `fk_question_tag_tid` FOREIGN KEY (`tag_id`) REFERENCES `et_tag` (`tag_id`) ON DELETE CASCADE
) ENGINE=InnoDB DEFAULT CHARSET=utf8;
/*!40101 SET character_set_client = @saved_cs_client */;

--
-- Dumping data for table `et_question_2_tag`
--

LOCK TABLES `et_question_2_tag` WRITE;
/*!40000 ALTER TABLE `et_question_2_tag` DISABLE KEYS */;
/*!40000 ALTER TABLE `et_question_2_tag` ENABLE KEYS */;
UNLOCK TABLES;

--
-- Table structure for table `et_question_type`
--

DROP TABLE IF EXISTS `et_question_type`;
/*!40101 SET @saved_cs_client     = @@character_set_client */;
/*!40101 SET character_set_client = utf8 */;
CREATE TABLE `et_question_type` (
  `id` int(11) NOT NULL AUTO_INCREMENT,
  `name` varchar(20) NOT NULL,
  `subjective` tinyint(1) NOT NULL DEFAULT '0',
  PRIMARY KEY (`id`)
) ENGINE=InnoDB AUTO_INCREMENT=8 DEFAULT CHARSET=utf8 COMMENT='试题类型';
/*!40101 SET character_set_client = @saved_cs_client */;

--
-- Dumping data for table `et_question_type`
--

LOCK TABLES `et_question_type` WRITE;
/*!40000 ALTER TABLE `et_question_type` DISABLE KEYS */;
INSERT INTO `et_question_type` VALUES (1,'单选题',0),(2,'会話',0),(3,'判断题',0),(4,'填空题',0),(5,'简答题',1),(6,'论述题',1),(7,'分析题',1);
/*!40000 ALTER TABLE `et_question_type` ENABLE KEYS */;
UNLOCK TABLES;

--
-- Table structure for table `et_r_user_role`
--

DROP TABLE IF EXISTS `et_r_user_role`;
/*!40101 SET @saved_cs_client     = @@character_set_client */;
/*!40101 SET character_set_client = utf8 */;
CREATE TABLE `et_r_user_role` (
  `user_id` int(11) NOT NULL COMMENT '用户ID',
  `role_id` int(11) NOT NULL COMMENT '角色ID',
  KEY `user_id` (`user_id`),
  KEY `role_id` (`role_id`),
  CONSTRAINT `et_r_user_role_ibfk_1` FOREIGN KEY (`user_id`) REFERENCES `et_user` (`id`)
) ENGINE=InnoDB DEFAULT CHARSET=utf8 COMMENT='用户_角色 关联表';
/*!40101 SET character_set_client = @saved_cs_client */;

--
-- Dumping data for table `et_r_user_role`
--

LOCK TABLES `et_r_user_role` WRITE;
/*!40000 ALTER TABLE `et_r_user_role` DISABLE KEYS */;
INSERT INTO `et_r_user_role` VALUES (4,1),(5,3);
/*!40000 ALTER TABLE `et_r_user_role` ENABLE KEYS */;
UNLOCK TABLES;

--
-- Table structure for table `et_reference`
--

DROP TABLE IF EXISTS `et_reference`;
/*!40101 SET @saved_cs_client     = @@character_set_client */;
/*!40101 SET character_set_client = utf8 */;
CREATE TABLE `et_reference` (
  `reference_id` int(5) NOT NULL AUTO_INCREMENT,
  `reference_name` varchar(200) NOT NULL,
  `memo` varchar(200) DEFAULT NULL,
  `state` decimal(10,0) NOT NULL DEFAULT '1' COMMENT '1 正常 0 废弃',
  PRIMARY KEY (`reference_id`)
) ENGINE=InnoDB AUTO_INCREMENT=31 DEFAULT CHARSET=utf8;
/*!40101 SET character_set_client = @saved_cs_client */;

--
-- Dumping data for table `et_reference`
--

LOCK TABLES `et_reference` WRITE;
/*!40000 ALTER TABLE `et_reference` DISABLE KEYS */;
INSERT INTO `et_reference` VALUES (1,'中华人民共和国电力法','1995年12月28日第八全国人民代表大会常务委员会第十七次会议通过，自1996月1日起施行',1),(2,'电力供应与使用条例','1996年4月17日国务院令96 号发布，自1996年9月1日起施行',1),(3,'供电营业区划分及管理办法','1996年5月19日电力部第5号令，自1996年9月1日起施行',1),(4,'居民用户家用电器损坏处理办法','1996年8月21日电力部第7号令，自1996年9月1日起施行',1),(5,'供电营业规则','1996年10月8日电力部第8号令发布并施行',1),(6,'承装（修、试）电力设施许可证管理办法','电监会2009年第28号令',1),(7,'供电服务规范','GB/T 28583-2012',1),(8,'国家电网公司供电服务规范','国家电网生〔2003〕477号',1),(9,'国家电网公司城市供电营业规范化服务窗口标准',NULL,1),(10,'国家电网公司供电客户服务提供标准','国家电网科〔2011〕56 号',1),(11,'关于发布国家电网公司新“三个十条”的通知','国家电网办〔2011〕1493号',1),(12,'国家电网公司供电服务质量标准','国家电网科〔2010〕341号',1),(13,'国家电网公司供电营业厅标准化建设手册','2010年',1),(14,'国家电网公司营销客户档案管理规范（试行）','国家电网办〔2013〕71号',1),(15,'国家电网公司95598业务管理暂行办法',NULL,1),(16,'国家电网公司关于深化“你用电我用心”大力提升优质服务水平的意见','国家电网营销〔2014〕104号',1),(17,'国家电网公司业扩报装工作规范（试行）和国家电网公司业扩供电方案编制导则','国家电网营销〔2010〕1247号',1),(18,'水利电力部关于颁发《电、热价格》的通知','水电财字第67号',1),(19,'功率因数调整电费办法','〔83〕水电财字第 215 号',1),(20,'国民经济行业用电分类','2004年版',1),(21,'电能计量装置技术管理规程','DL/T 448-2000',1),(22,'国家电网公司有序用电管理办法','国家电网营销〔2012〕 38 号',1),(23,'关于全面深化治理整改工作坚决杜绝“三指定” 问题的意见','国家电网营销〔2011〕 756 号',1),(24,'国家电网公司关于印发进一步简化业扩报装手续优化流程意见的通知','国家电网营销〔2014〕168号',1),(25,'国家电网公司关于印发分布式电源并网相关意见和规范（修订版）的通知','国家电网办〔2013〕1781号',1),(26,'国家电网公司关于印发分布式电源并网服务管理规则的通知','国家电网营销〔2014〕174号',1),(27,'国家电网公司关于可再生能源电价附加补助资金管理有关意见的通知','国家电网财〔2014〕2044号',1),(28,'国家电网公司营销服务培训题库','中国电力出版社，国家电网公司营销部编，2013年1月',1),(29,'国家电网公司企业文化手册','2010年版',1),(30,'建设和弘扬统一的企业文化宣传手册',NULL,1);
/*!40000 ALTER TABLE `et_reference` ENABLE KEYS */;
UNLOCK TABLES;

--
-- Table structure for table `et_role`
--

DROP TABLE IF EXISTS `et_role`;
/*!40101 SET @saved_cs_client     = @@character_set_client */;
/*!40101 SET character_set_client = utf8 */;
CREATE TABLE `et_role` (
  `id` int(11) NOT NULL AUTO_INCREMENT,
  `authority` varchar(20) NOT NULL,
  `name` varchar(20) NOT NULL,
  `code` varchar(10) NOT NULL,
  PRIMARY KEY (`id`)
) ENGINE=InnoDB AUTO_INCREMENT=4 DEFAULT CHARSET=utf8 COMMENT='角色表';
/*!40101 SET character_set_client = @saved_cs_client */;

--
-- Dumping data for table `et_role`
--

LOCK TABLES `et_role` WRITE;
/*!40000 ALTER TABLE `et_role` DISABLE KEYS */;
INSERT INTO `et_role` VALUES (1,'ROLE_ADMIN','超级管理员','admin'),(2,'ROLE_TEACHER','教师','teacher'),(3,'ROLE_STUDENT','学员','student');
/*!40000 ALTER TABLE `et_role` ENABLE KEYS */;
UNLOCK TABLES;

--
-- Table structure for table `et_tag`
--

DROP TABLE IF EXISTS `et_tag`;
/*!40101 SET @saved_cs_client     = @@character_set_client */;
/*!40101 SET character_set_client = utf8 */;
CREATE TABLE `et_tag` (
  `tag_id` int(11) NOT NULL AUTO_INCREMENT,
  `tag_name` varchar(100) NOT NULL,
  `create_time` timestamp NOT NULL DEFAULT CURRENT_TIMESTAMP ON UPDATE CURRENT_TIMESTAMP,
  `creator` int(11) NOT NULL,
  `is_private` tinyint(1) NOT NULL DEFAULT '0',
  `memo` varchar(500) DEFAULT NULL,
  PRIMARY KEY (`tag_id`),
  KEY `fk_tag_creator` (`creator`),
  CONSTRAINT `fk_tag_creator` FOREIGN KEY (`creator`) REFERENCES `et_user` (`id`) ON DELETE CASCADE
) ENGINE=InnoDB AUTO_INCREMENT=6 DEFAULT CHARSET=utf8;
/*!40101 SET character_set_client = @saved_cs_client */;

--
-- Dumping data for table `et_tag`
--

LOCK TABLES `et_tag` WRITE;
/*!40000 ALTER TABLE `et_tag` DISABLE KEYS */;
INSERT INTO `et_tag` VALUES (4,'11111111','2015-02-10 09:28:16',4,0,'1111111111111'),(5,'啊啊啊啊11','2015-02-13 06:53:40',4,0,'111111111');
/*!40000 ALTER TABLE `et_tag` ENABLE KEYS */;
UNLOCK TABLES;

--
-- Table structure for table `et_user`
--

DROP TABLE IF EXISTS `et_user`;
/*!40101 SET @saved_cs_client     = @@character_set_client */;
/*!40101 SET character_set_client = utf8 */;
CREATE TABLE `et_user` (
  `id` int(11) NOT NULL AUTO_INCREMENT COMMENT 'PK',
  `username` varchar(20) NOT NULL COMMENT '账号',
  `truename` varchar(10) DEFAULT NULL COMMENT '真实姓名',
  `password` char(40) NOT NULL,
  `email` varchar(40) DEFAULT NULL,
  `phone` varchar(20) DEFAULT NULL,
  `add_date` timestamp NOT NULL DEFAULT CURRENT_TIMESTAMP ON UPDATE CURRENT_TIMESTAMP,
  `expire_date` timestamp NULL DEFAULT NULL,
  `add_by` int(11) DEFAULT NULL COMMENT '创建人',
  `enabled` tinyint(1) DEFAULT '0' COMMENT '激活状态：0-未激活 1-激活',
  `field_id` int(10) NOT NULL,
  `last_login_time` timestamp NULL DEFAULT NULL,
  `login_time` timestamp NULL DEFAULT NULL,
  `province` varchar(20) DEFAULT NULL,
  `company` varchar(40) DEFAULT NULL,
  `department` varchar(40) DEFAULT NULL,
  PRIMARY KEY (`id`),
  UNIQUE KEY `username` (`username`)
) ENGINE=InnoDB AUTO_INCREMENT=6 DEFAULT CHARSET=utf8 COMMENT='用户表';
/*!40101 SET character_set_client = @saved_cs_client */;

--
-- Dumping data for table `et_user`
--

LOCK TABLES `et_user` WRITE;
/*!40000 ALTER TABLE `et_user` DISABLE KEYS */;
INSERT INTO `et_user` VALUES (4,'admin',NULL,'260acbffd3c30786febc29d7dd71a9880a811e77','1@1.1',NULL,'2020-06-11 02:08:09',NULL,NULL,1,1,'2020-06-11 02:02:02','2020-06-11 02:08:09',NULL,'2','3'),(5,'user1',NULL,'b8fcba9856dbc62709496289f34ee197bf99c3eb','111111111@1.com',NULL,'2020-06-11 02:08:35',NULL,NULL,1,1,'2020-06-11 02:06:00','2020-06-11 02:08:35',NULL,NULL,NULL);
/*!40000 ALTER TABLE `et_user` ENABLE KEYS */;
UNLOCK TABLES;

--
-- Table structure for table `et_user_exam_history`
--

DROP TABLE IF EXISTS `et_user_exam_history`;
/*!40101 SET @saved_cs_client     = @@character_set_client */;
/*!40101 SET character_set_client = utf8 */;
CREATE TABLE `et_user_exam_history` (
  `id` int(10) NOT NULL AUTO_INCREMENT,
  `user_id` int(10) NOT NULL,
  `exam_paper_id` int(10) NOT NULL,
  `content` mediumtext,
  `create_time` timestamp NOT NULL DEFAULT CURRENT_TIMESTAMP ON UPDATE CURRENT_TIMESTAMP,
  `answer_sheet` mediumtext,
  `duration` int(10) NOT NULL,
  `point_get` float(10,1) NOT NULL DEFAULT '0.0',
  `submit_time` timestamp NULL DEFAULT NULL,
  PRIMARY KEY (`id`)
) ENGINE=InnoDB AUTO_INCREMENT=2 DEFAULT CHARSET=utf8;
/*!40101 SET character_set_client = @saved_cs_client */;

--
-- Dumping data for table `et_user_exam_history`
--

LOCK TABLES `et_user_exam_history` WRITE;
/*!40000 ALTER TABLE `et_user_exam_history` DISABLE KEYS */;
INSERT INTO `et_user_exam_history` VALUES (1,5,1,'<list>\n  <com.extr.controller.domain.QuestionQueryResult>\n    <questionId>1</questionId>\n    <content>&lt;QuestionContent&gt;\n  &lt;title&gt;驾驶机动车在道路上违反道路交通安全法的行为，属于什么行为？&lt;/title&gt;\n  &lt;titleImg&gt;&lt;/titleImg&gt;\n  &lt;choiceList&gt;\n    &lt;entry&gt;\n      &lt;string&gt;A&lt;/string&gt;\n      &lt;string&gt;违章行为&lt;/string&gt;\n    &lt;/entry&gt;\n    &lt;entry&gt;\n      &lt;string&gt;B&lt;/string&gt;\n      &lt;string&gt;违法行为&lt;/string&gt;\n    &lt;/entry&gt;\n    &lt;entry&gt;\n      &lt;string&gt;C&lt;/string&gt;\n      &lt;string&gt;过失行为&lt;/string&gt;\n    &lt;/entry&gt;\n    &lt;entry&gt;\n      &lt;string&gt;D&lt;/string&gt;\n      &lt;string&gt;违规行为&lt;/string&gt;\n    &lt;/entry&gt;\n  &lt;/choiceList&gt;\n  &lt;choiceImgList/&gt;\n&lt;/QuestionContent&gt;</content>\n    <answer>D</answer>\n    <analysis></analysis>\n    <questionTypeId>1</questionTypeId>\n    <referenceName></referenceName>\n    <pointName>驾校科目一理论考试 &gt; 道路交通安全法律、法规和规章 &gt; \n		知识关键点：</pointName>\n    <fieldName>驾校科目一理论考试</fieldName>\n    <questionPoint>1.0</questionPoint>\n    <examingPoint></examingPoint>\n    <knowledgePointId>1</knowledgePointId>\n  </com.extr.controller.domain.QuestionQueryResult>\n  <com.extr.controller.domain.QuestionQueryResult>\n    <questionId>2</questionId>\n    <content>&lt;QuestionContent&gt;\n  &lt;title&gt;机动车驾驶人违法驾驶造成重大交通事故构成犯罪的，依法追究什么责任？&lt;/title&gt;\n  &lt;titleImg&gt;&lt;/titleImg&gt;\n  &lt;choiceList&gt;\n    &lt;entry&gt;\n      &lt;string&gt;A&lt;/string&gt;\n      &lt;string&gt;刑事责任&lt;/string&gt;\n    &lt;/entry&gt;\n    &lt;entry&gt;\n      &lt;string&gt;B&lt;/string&gt;\n      &lt;string&gt;民事责任&lt;/string&gt;\n    &lt;/entry&gt;\n    &lt;entry&gt;\n      &lt;string&gt;C&lt;/string&gt;\n      &lt;string&gt;经济责任&lt;/string&gt;\n    &lt;/entry&gt;\n    &lt;entry&gt;\n      &lt;string&gt;D&lt;/string&gt;\n      &lt;string&gt;直接责任&lt;/string&gt;\n    &lt;/entry&gt;\n  &lt;/choiceList&gt;\n  &lt;choiceImgList/&gt;\n&lt;/QuestionContent&gt;</content>\n    <answer>A</answer>\n    <analysis></analysis>\n    <questionTypeId>1</questionTypeId>\n    <referenceName></referenceName>\n    <pointName>驾校科目一理论考试 &gt; 道路交通安全法律、法规和规章 &gt; \n		知识关键点：</pointName>\n    <fieldName>驾校科目一理论考试</fieldName>\n    <questionPoint>1.0</questionPoint>\n    <examingPoint></examingPoint>\n    <knowledgePointId>1</knowledgePointId>\n  </com.extr.controller.domain.QuestionQueryResult>\n  <com.extr.controller.domain.QuestionQueryResult>\n    <questionId>11</questionId>\n    <content>&lt;QuestionContent&gt;\n  &lt;title&gt;未取得驾驶证的学员在道路上学习驾驶技能，下列哪种做法是正确的？&lt;/title&gt;\n  &lt;titleImg&gt;&lt;/titleImg&gt;\n  &lt;choiceList&gt;\n    &lt;entry&gt;\n      &lt;string&gt;A&lt;/string&gt;\n      &lt;string&gt;使用所学车型的教练车由教练员随车指导&lt;/string&gt;\n    &lt;/entry&gt;\n    &lt;entry&gt;\n      &lt;string&gt;B&lt;/string&gt;\n      &lt;string&gt;使用所学车型的教练车单独驾驶学习&lt;/string&gt;\n    &lt;/entry&gt;\n    &lt;entry&gt;\n      &lt;string&gt;C&lt;/string&gt;\n      &lt;string&gt;使用私家车由教练员随车指导&lt;/string&gt;\n    &lt;/entry&gt;\n    &lt;entry&gt;\n      &lt;string&gt;D&lt;/string&gt;\n      &lt;string&gt;使用所学车型的教练车由非教练员的驾驶人随车指导&lt;/string&gt;\n    &lt;/entry&gt;\n  &lt;/choiceList&gt;\n  &lt;choiceImgList/&gt;\n&lt;/QuestionContent&gt;</content>\n    <answer>A</answer>\n    <analysis></analysis>\n    <questionTypeId>1</questionTypeId>\n    <referenceName></referenceName>\n    <pointName>驾校科目一理论考试 &gt; 道路交通安全法律、法规和规章 &gt; \n		知识关键点：</pointName>\n    <fieldName>驾校科目一理论考试</fieldName>\n    <questionPoint>1.0</questionPoint>\n    <examingPoint></examingPoint>\n    <knowledgePointId>1</knowledgePointId>\n  </com.extr.controller.domain.QuestionQueryResult>\n  <com.extr.controller.domain.QuestionQueryResult>\n    <questionId>12</questionId>\n    <content>&lt;QuestionContent&gt;\n  &lt;title&gt;机动车驾驶人初次申领驾驶证后的实习期是多长时间？&lt;/title&gt;\n  &lt;titleImg&gt;&lt;/titleImg&gt;\n  &lt;choiceList&gt;\n    &lt;entry&gt;\n      &lt;string&gt;A&lt;/string&gt;\n      &lt;string&gt;6个月&lt;/string&gt;\n    &lt;/entry&gt;\n    &lt;entry&gt;\n      &lt;string&gt;B&lt;/string&gt;\n      &lt;string&gt;12个月&lt;/string&gt;\n    &lt;/entry&gt;\n    &lt;entry&gt;\n      &lt;string&gt;C&lt;/string&gt;\n      &lt;string&gt;16个月&lt;/string&gt;\n    &lt;/entry&gt;\n    &lt;entry&gt;\n      &lt;string&gt;D&lt;/string&gt;\n      &lt;string&gt;18个月&lt;/string&gt;\n    &lt;/entry&gt;\n  &lt;/choiceList&gt;\n  &lt;choiceImgList/&gt;\n&lt;/QuestionContent&gt;</content>\n    <answer>B</answer>\n    <analysis></analysis>\n    <questionTypeId>1</questionTypeId>\n    <referenceName></referenceName>\n    <pointName>驾校科目一理论考试 &gt; 道路交通安全法律、法规和规章 &gt; \n		知识关键点：</pointName>\n    <fieldName>驾校科目一理论考试</fieldName>\n    <questionPoint>1.0</questionPoint>\n    <examingPoint></examingPoint>\n    <knowledgePointId>1</knowledgePointId>\n  </com.extr.controller.domain.QuestionQueryResult>\n  <com.extr.controller.domain.QuestionQueryResult>\n    <questionId>13</questionId>\n    <content>&lt;QuestionContent&gt;\n  &lt;title&gt;在实习期内驾驶机动车的，应当在车身后部粘贴或者悬挂哪种标志？&lt;/title&gt;\n  &lt;titleImg&gt;&lt;/titleImg&gt;\n  &lt;choiceList&gt;\n    &lt;entry&gt;\n      &lt;string&gt;A&lt;/string&gt;\n      &lt;string&gt;注意新手标志&lt;/string&gt;\n    &lt;/entry&gt;\n    &lt;entry&gt;\n      &lt;string&gt;B&lt;/string&gt;\n      &lt;string&gt;注意避让标志&lt;/string&gt;\n    &lt;/entry&gt;\n    &lt;entry&gt;\n      &lt;string&gt;C&lt;/string&gt;\n      &lt;string&gt;统一式样的实习标志&lt;/string&gt;\n    &lt;/entry&gt;\n    &lt;entry&gt;\n      &lt;string&gt;D&lt;/string&gt;\n      &lt;string&gt;注意车距标志&lt;/string&gt;\n    &lt;/entry&gt;\n  &lt;/choiceList&gt;\n  &lt;choiceImgList/&gt;\n&lt;/QuestionContent&gt;</content>\n    <answer>C</answer>\n    <analysis></analysis>\n    <questionTypeId>1</questionTypeId>\n    <referenceName></referenceName>\n    <pointName>驾校科目一理论考试 &gt; 道路交通安全法律、法规和规章 &gt; \n		知识关键点：</pointName>\n    <fieldName>驾校科目一理论考试</fieldName>\n    <questionPoint>1.0</questionPoint>\n    <examingPoint></examingPoint>\n    <knowledgePointId>1</knowledgePointId>\n  </com.extr.controller.domain.QuestionQueryResult>\n  <com.extr.controller.domain.QuestionQueryResult>\n    <questionId>14</questionId>\n    <content>&lt;QuestionContent&gt;\n  &lt;title&gt;以欺骗、贿赂等不正当手段取得驾驶证被依法撤销驾驶许可的，多长时间不得重新申请驾驶许可？&lt;/title&gt;\n  &lt;titleImg&gt;&lt;/titleImg&gt;\n  &lt;choiceList&gt;\n    &lt;entry&gt;\n      &lt;string&gt;A&lt;/string&gt;\n      &lt;string&gt;3年内&lt;/string&gt;\n    &lt;/entry&gt;\n    &lt;entry&gt;\n      &lt;string&gt;B&lt;/string&gt;\n      &lt;string&gt;终身&lt;/string&gt;\n    &lt;/entry&gt;\n    &lt;entry&gt;\n      &lt;string&gt;C&lt;/string&gt;\n      &lt;string&gt;1年内&lt;/string&gt;\n    &lt;/entry&gt;\n    &lt;entry&gt;\n      &lt;string&gt;D&lt;/string&gt;\n      &lt;string&gt;5年内&lt;/string&gt;\n    &lt;/entry&gt;\n  &lt;/choiceList&gt;\n  &lt;choiceImgList/&gt;\n&lt;/QuestionContent&gt;</content>\n    <answer>A</answer>\n    <analysis></analysis>\n    <questionTypeId>1</questionTypeId>\n    <referenceName></referenceName>\n    <pointName>驾校科目一理论考试 &gt; 道路交通安全法律、法规和规章 &gt; \n		知识关键点：</pointName>\n    <fieldName>驾校科目一理论考试</fieldName>\n    <questionPoint>1.0</questionPoint>\n    <examingPoint></examingPoint>\n    <knowledgePointId>1</knowledgePointId>\n  </com.extr.controller.domain.QuestionQueryResult>\n  <com.extr.controller.domain.QuestionQueryResult>\n    <questionId>20</questionId>\n    <content>&lt;QuestionContent&gt;\n  &lt;title&gt;驾驶拼装机动车上路行驶的驾驶人，除按规定接受罚款外，还要受到哪种处理？&lt;/title&gt;\n  &lt;titleImg&gt;&lt;/titleImg&gt;\n  &lt;choiceList&gt;\n    &lt;entry&gt;\n      &lt;string&gt;A&lt;/string&gt;\n      &lt;string&gt;处10日以下拘留&lt;/string&gt;\n    &lt;/entry&gt;\n    &lt;entry&gt;\n      &lt;string&gt;B&lt;/string&gt;\n      &lt;string&gt;暂扣驾驶证&lt;/string&gt;\n    &lt;/entry&gt;\n    &lt;entry&gt;\n      &lt;string&gt;C&lt;/string&gt;\n      &lt;string&gt;吊销驾驶证&lt;/string&gt;\n    &lt;/entry&gt;\n    &lt;entry&gt;\n      &lt;string&gt;D&lt;/string&gt;\n      &lt;string&gt;追究刑事责任&lt;/string&gt;\n    &lt;/entry&gt;\n  &lt;/choiceList&gt;\n  &lt;choiceImgList/&gt;\n&lt;/QuestionContent&gt;</content>\n    <answer>C</answer>\n    <analysis></analysis>\n    <questionTypeId>1</questionTypeId>\n    <referenceName></referenceName>\n    <pointName>驾校科目一理论考试 &gt; 道路交通安全法律、法规和规章 &gt; \n		知识关键点：</pointName>\n    <fieldName>驾校科目一理论考试</fieldName>\n    <questionPoint>1.0</questionPoint>\n    <examingPoint></examingPoint>\n    <knowledgePointId>1</knowledgePointId>\n  </com.extr.controller.domain.QuestionQueryResult>\n  <com.extr.controller.domain.QuestionQueryResult>\n    <questionId>22</questionId>\n    <content>&lt;QuestionContent&gt;\n  &lt;title&gt;对驾驶已达到报废标准的机动车上路行驶的驾驶人，会受到下列哪种处罚？&lt;/title&gt;\n  &lt;titleImg&gt;&lt;/titleImg&gt;\n  &lt;choiceList&gt;\n    &lt;entry&gt;\n      &lt;string&gt;A&lt;/string&gt;\n      &lt;string&gt;处15日以下拘留&lt;/string&gt;\n    &lt;/entry&gt;\n    &lt;entry&gt;\n      &lt;string&gt;B&lt;/string&gt;\n      &lt;string&gt;吊销机动车驾驶证&lt;/string&gt;\n    &lt;/entry&gt;\n    &lt;entry&gt;\n      &lt;string&gt;C&lt;/string&gt;\n      &lt;string&gt;处20以上200元以下罚款&lt;/string&gt;\n    &lt;/entry&gt;\n    &lt;entry&gt;\n      &lt;string&gt;D&lt;/string&gt;\n      &lt;string&gt;追究刑事责任&lt;/string&gt;\n    &lt;/entry&gt;\n  &lt;/choiceList&gt;\n  &lt;choiceImgList/&gt;\n&lt;/QuestionContent&gt;</content>\n    <answer>B</answer>\n    <analysis></analysis>\n    <questionTypeId>1</questionTypeId>\n    <referenceName></referenceName>\n    <pointName>驾校科目一理论考试 &gt; 道路交通安全法律、法规和规章 &gt; \n		知识关键点：</pointName>\n    <fieldName>驾校科目一理论考试</fieldName>\n    <questionPoint>1.0</questionPoint>\n    <examingPoint></examingPoint>\n    <knowledgePointId>1</knowledgePointId>\n  </com.extr.controller.domain.QuestionQueryResult>\n  <com.extr.controller.domain.QuestionQueryResult>\n    <questionId>23</questionId>\n    <content>&lt;QuestionContent&gt;\n  &lt;title&gt;对驾驶拼装机动车上路行驶的驾驶人，会受到下列哪种处罚？&lt;/title&gt;\n  &lt;titleImg&gt;&lt;/titleImg&gt;\n  &lt;choiceList&gt;\n    &lt;entry&gt;\n      &lt;string&gt;A&lt;/string&gt;\n      &lt;string&gt;处15日以下拘留&lt;/string&gt;\n    &lt;/entry&gt;\n    &lt;entry&gt;\n      &lt;string&gt;B&lt;/string&gt;\n      &lt;string&gt;依法追究刑事责任&lt;/string&gt;\n    &lt;/entry&gt;\n    &lt;entry&gt;\n      &lt;string&gt;C&lt;/string&gt;\n      &lt;string&gt;处200以上2000元以下罚款&lt;/string&gt;\n    &lt;/entry&gt;\n    &lt;entry&gt;\n      &lt;string&gt;D&lt;/string&gt;\n      &lt;string&gt;吊销机动车行驶证&lt;/string&gt;\n    &lt;/entry&gt;\n  &lt;/choiceList&gt;\n  &lt;choiceImgList/&gt;\n&lt;/QuestionContent&gt;</content>\n    <answer>C</answer>\n    <analysis></analysis>\n    <questionTypeId>1</questionTypeId>\n    <referenceName></referenceName>\n    <pointName>驾校科目一理论考试 &gt; 道路交通安全法律、法规和规章 &gt; \n		知识关键点：</pointName>\n    <fieldName>驾校科目一理论考试</fieldName>\n    <questionPoint>1.0</questionPoint>\n    <examingPoint></examingPoint>\n    <knowledgePointId>1</knowledgePointId>\n  </com.extr.controller.domain.QuestionQueryResult>\n  <com.extr.controller.domain.QuestionQueryResult>\n    <questionId>28</questionId>\n    <content>&lt;QuestionContent&gt;\n  &lt;title&gt;驾驶这种机动车上路行驶属于什么行为？&lt;/title&gt;\n  &lt;titleImg&gt;files/question/admin/1419391810979.jpg&lt;/titleImg&gt;\n  &lt;choiceList&gt;\n    &lt;entry&gt;\n      &lt;string&gt;A&lt;/string&gt;\n      &lt;string&gt;违规行为&lt;/string&gt;\n    &lt;/entry&gt;\n    &lt;entry&gt;\n      &lt;string&gt;B&lt;/string&gt;\n      &lt;string&gt;违章行为&lt;/string&gt;\n    &lt;/entry&gt;\n    &lt;entry&gt;\n      &lt;string&gt;C&lt;/string&gt;\n      &lt;string&gt;违法行为&lt;/string&gt;\n    &lt;/entry&gt;\n    &lt;entry&gt;\n      &lt;string&gt;D&lt;/string&gt;\n      &lt;string&gt;犯罪行为&lt;/string&gt;\n    &lt;/entry&gt;\n  &lt;/choiceList&gt;\n  &lt;choiceImgList/&gt;\n&lt;/QuestionContent&gt;</content>\n    <answer>C</answer>\n    <analysis></analysis>\n    <questionTypeId>1</questionTypeId>\n    <referenceName></referenceName>\n    <pointName>驾校科目一理论考试 &gt; 道路交通安全法律、法规和规章 &gt; \n		知识关键点：</pointName>\n    <fieldName>驾校科目一理论考试</fieldName>\n    <questionPoint>1.0</questionPoint>\n    <examingPoint></examingPoint>\n    <knowledgePointId>1</knowledgePointId>\n  </com.extr.controller.domain.QuestionQueryResult>\n  <com.extr.controller.domain.QuestionQueryResult>\n    <questionId>29</questionId>\n    <content>&lt;QuestionContent&gt;\n  &lt;title&gt;下列哪种标志是驾驶机动车上路行驶应当在车上放置的标志？&lt;/title&gt;\n  &lt;titleImg&gt;&lt;/titleImg&gt;\n  &lt;choiceList&gt;\n    &lt;entry&gt;\n      &lt;string&gt;A&lt;/string&gt;\n      &lt;string&gt;产品合格标志&lt;/string&gt;\n    &lt;/entry&gt;\n    &lt;entry&gt;\n      &lt;string&gt;B&lt;/string&gt;\n      &lt;string&gt;保持车距标志&lt;/string&gt;\n    &lt;/entry&gt;\n    &lt;entry&gt;\n      &lt;string&gt;C&lt;/string&gt;\n      &lt;string&gt;提醒危险标志&lt;/string&gt;\n    &lt;/entry&gt;\n    &lt;entry&gt;\n      &lt;string&gt;D&lt;/string&gt;\n      &lt;string&gt;检验合格标志&lt;/string&gt;\n    &lt;/entry&gt;\n  &lt;/choiceList&gt;\n  &lt;choiceImgList/&gt;\n&lt;/QuestionContent&gt;</content>\n    <answer>D</answer>\n    <analysis></analysis>\n    <questionTypeId>1</questionTypeId>\n    <referenceName></referenceName>\n    <pointName>驾校科目一理论考试 &gt; 道路交通安全法律、法规和规章 &gt; \n		知识关键点：</pointName>\n    <fieldName>驾校科目一理论考试</fieldName>\n    <questionPoint>1.0</questionPoint>\n    <examingPoint></examingPoint>\n    <knowledgePointId>1</knowledgePointId>\n  </com.extr.controller.domain.QuestionQueryResult>\n  <com.extr.controller.domain.QuestionQueryResult>\n    <questionId>32</questionId>\n    <content>&lt;QuestionContent&gt;\n  &lt;title&gt;这辆在道路上行驶的机动车有下列哪种违法行为？&lt;/title&gt;\n  &lt;titleImg&gt;files/question/admin/1419392147793.jpg&lt;/titleImg&gt;\n  &lt;choiceList&gt;\n    &lt;entry&gt;\n      &lt;string&gt;A&lt;/string&gt;\n      &lt;string&gt;逆向行驶&lt;/string&gt;\n    &lt;/entry&gt;\n    &lt;entry&gt;\n      &lt;string&gt;B&lt;/string&gt;\n      &lt;string&gt;未按规定悬挂号牌&lt;/string&gt;\n    &lt;/entry&gt;\n    &lt;entry&gt;\n      &lt;string&gt;C&lt;/string&gt;\n      &lt;string&gt;故意遮挡号牌&lt;/string&gt;\n    &lt;/entry&gt;\n    &lt;entry&gt;\n      &lt;string&gt;D&lt;/string&gt;\n      &lt;string&gt;占用非机动车道&lt;/string&gt;\n    &lt;/entry&gt;\n  &lt;/choiceList&gt;\n  &lt;choiceImgList/&gt;\n&lt;/QuestionContent&gt;</content>\n    <answer>C</answer>\n    <analysis></analysis>\n    <questionTypeId>1</questionTypeId>\n    <referenceName></referenceName>\n    <pointName>驾校科目一理论考试 &gt; 道路交通安全法律、法规和规章 &gt; \n		知识关键点：</pointName>\n    <fieldName>驾校科目一理论考试</fieldName>\n    <questionPoint>1.0</questionPoint>\n    <examingPoint></examingPoint>\n    <knowledgePointId>1</knowledgePointId>\n  </com.extr.controller.domain.QuestionQueryResult>\n  <com.extr.controller.domain.QuestionQueryResult>\n    <questionId>37</questionId>\n    <content>&lt;QuestionContent&gt;\n  &lt;title&gt;公安交通管理部门对驾驶人的交通违法行为除依法给予行政处罚外,实行下列哪种制度？&lt;/title&gt;\n  &lt;titleImg&gt;&lt;/titleImg&gt;\n  &lt;choiceList&gt;\n    &lt;entry&gt;\n      &lt;string&gt;A&lt;/string&gt;\n      &lt;string&gt;违法登记制度&lt;/string&gt;\n    &lt;/entry&gt;\n    &lt;entry&gt;\n      &lt;string&gt;B&lt;/string&gt;\n      &lt;string&gt;奖励里程制度&lt;/string&gt;\n    &lt;/entry&gt;\n    &lt;entry&gt;\n      &lt;string&gt;C&lt;/string&gt;\n      &lt;string&gt;累积记分制度&lt;/string&gt;\n    &lt;/entry&gt;\n    &lt;entry&gt;\n      &lt;string&gt;D&lt;/string&gt;\n      &lt;string&gt;强制报废制度&lt;/string&gt;\n    &lt;/entry&gt;\n  &lt;/choiceList&gt;\n  &lt;choiceImgList/&gt;\n&lt;/QuestionContent&gt;</content>\n    <answer>C</answer>\n    <analysis></analysis>\n    <questionTypeId>1</questionTypeId>\n    <referenceName></referenceName>\n    <pointName>驾校科目一理论考试 &gt; 道路交通安全法律、法规和规章 &gt; \n		知识关键点：</pointName>\n    <fieldName>驾校科目一理论考试</fieldName>\n    <questionPoint>1.0</questionPoint>\n    <examingPoint></examingPoint>\n    <knowledgePointId>1</knowledgePointId>\n  </com.extr.controller.domain.QuestionQueryResult>\n  <com.extr.controller.domain.QuestionQueryResult>\n    <questionId>38</questionId>\n    <content>&lt;QuestionContent&gt;\n  &lt;title&gt;道路交通安全违法行为累积记分的周期是多长时间？&lt;/title&gt;\n  &lt;titleImg&gt;&lt;/titleImg&gt;\n  &lt;choiceList&gt;\n    &lt;entry&gt;\n      &lt;string&gt;A&lt;/string&gt;\n      &lt;string&gt;3个月&lt;/string&gt;\n    &lt;/entry&gt;\n    &lt;entry&gt;\n      &lt;string&gt;B&lt;/string&gt;\n      &lt;string&gt;6个月&lt;/string&gt;\n    &lt;/entry&gt;\n    &lt;entry&gt;\n      &lt;string&gt;C&lt;/string&gt;\n      &lt;string&gt;12个月&lt;/string&gt;\n    &lt;/entry&gt;\n    &lt;entry&gt;\n      &lt;string&gt;D&lt;/string&gt;\n      &lt;string&gt;24个月&lt;/string&gt;\n    &lt;/entry&gt;\n  &lt;/choiceList&gt;\n  &lt;choiceImgList/&gt;\n&lt;/QuestionContent&gt;</content>\n    <answer>C</answer>\n    <analysis></analysis>\n    <questionTypeId>1</questionTypeId>\n    <referenceName></referenceName>\n    <pointName>驾校科目一理论考试 &gt; 道路交通安全法律、法规和规章 &gt; \n		知识关键点：</pointName>\n    <fieldName>驾校科目一理论考试</fieldName>\n    <questionPoint>1.0</questionPoint>\n    <examingPoint></examingPoint>\n    <knowledgePointId>1</knowledgePointId>\n  </com.extr.controller.domain.QuestionQueryResult>\n  <com.extr.controller.domain.QuestionQueryResult>\n    <questionId>39</questionId>\n    <content>&lt;QuestionContent&gt;\n  &lt;title&gt;公安机关交通管理部门对累积记分达到规定分值的驾驶人怎样处理？&lt;/title&gt;\n  &lt;titleImg&gt;&lt;/titleImg&gt;\n  &lt;choiceList&gt;\n    &lt;entry&gt;\n      &lt;string&gt;A&lt;/string&gt;\n      &lt;string&gt;依法追究刑事责任&lt;/string&gt;\n    &lt;/entry&gt;\n    &lt;entry&gt;\n      &lt;string&gt;B&lt;/string&gt;\n      &lt;string&gt;处15日以下拘留&lt;/string&gt;\n    &lt;/entry&gt;\n    &lt;entry&gt;\n      &lt;string&gt;C&lt;/string&gt;\n      &lt;string&gt;终生禁驾&lt;/string&gt;\n    &lt;/entry&gt;\n    &lt;entry&gt;\n      &lt;string&gt;D&lt;/string&gt;\n      &lt;string&gt;进行法律法规教育，重新考试&lt;/string&gt;\n    &lt;/entry&gt;\n  &lt;/choiceList&gt;\n  &lt;choiceImgList/&gt;\n&lt;/QuestionContent&gt;</content>\n    <answer>D</answer>\n    <analysis></analysis>\n    <questionTypeId>1</questionTypeId>\n    <referenceName></referenceName>\n    <pointName>驾校科目一理论考试 &gt; 道路交通安全法律、法规和规章 &gt; \n		知识关键点：</pointName>\n    <fieldName>驾校科目一理论考试</fieldName>\n    <questionPoint>1.0</questionPoint>\n    <examingPoint></examingPoint>\n    <knowledgePointId>1</knowledgePointId>\n  </com.extr.controller.domain.QuestionQueryResult>\n  <com.extr.controller.domain.QuestionQueryResult>\n    <questionId>40</questionId>\n    <content>&lt;QuestionContent&gt;\n  &lt;title&gt;驾驶人出现下列哪种情况，不得驾驶机动车？&lt;/title&gt;\n  &lt;titleImg&gt;&lt;/titleImg&gt;\n  &lt;choiceList&gt;\n    &lt;entry&gt;\n      &lt;string&gt;A&lt;/string&gt;\n      &lt;string&gt;驾驶证丢失、损毁&lt;/string&gt;\n    &lt;/entry&gt;\n    &lt;entry&gt;\n      &lt;string&gt;B&lt;/string&gt;\n      &lt;string&gt;驾驶证接近有效期&lt;/string&gt;\n    &lt;/entry&gt;\n    &lt;entry&gt;\n      &lt;string&gt;C&lt;/string&gt;\n      &lt;string&gt;记分达到10分&lt;/string&gt;\n    &lt;/entry&gt;\n    &lt;entry&gt;\n      &lt;string&gt;D&lt;/string&gt;\n      &lt;string&gt;记分达到6分&lt;/string&gt;\n    &lt;/entry&gt;\n  &lt;/choiceList&gt;\n  &lt;choiceImgList/&gt;\n&lt;/QuestionContent&gt;</content>\n    <answer>A</answer>\n    <analysis></analysis>\n    <questionTypeId>1</questionTypeId>\n    <referenceName></referenceName>\n    <pointName>驾校科目一理论考试 &gt; 道路交通安全法律、法规和规章 &gt; \n		知识关键点：</pointName>\n    <fieldName>驾校科目一理论考试</fieldName>\n    <questionPoint>1.0</questionPoint>\n    <examingPoint></examingPoint>\n    <knowledgePointId>1</knowledgePointId>\n  </com.extr.controller.domain.QuestionQueryResult>\n  <com.extr.controller.domain.QuestionQueryResult>\n    <questionId>46</questionId>\n    <content>&lt;QuestionContent&gt;\n  &lt;title&gt;前方路口这种信号灯亮表示什么意思？&lt;/title&gt;\n  &lt;titleImg&gt;files/question/admin/1419392557987.jpg&lt;/titleImg&gt;\n  &lt;choiceList&gt;\n    &lt;entry&gt;\n      &lt;string&gt;A&lt;/string&gt;\n      &lt;string&gt;路口警示&lt;/string&gt;\n    &lt;/entry&gt;\n    &lt;entry&gt;\n      &lt;string&gt;B&lt;/string&gt;\n      &lt;string&gt;禁止通行&lt;/string&gt;\n    &lt;/entry&gt;\n    &lt;entry&gt;\n      &lt;string&gt;C&lt;/string&gt;\n      &lt;string&gt;准许通行&lt;/string&gt;\n    &lt;/entry&gt;\n    &lt;entry&gt;\n      &lt;string&gt;D&lt;/string&gt;\n      &lt;string&gt;提醒注意&lt;/string&gt;\n    &lt;/entry&gt;\n  &lt;/choiceList&gt;\n  &lt;choiceImgList/&gt;\n&lt;/QuestionContent&gt;</content>\n    <answer>B</answer>\n    <analysis></analysis>\n    <questionTypeId>1</questionTypeId>\n    <referenceName></referenceName>\n    <pointName>驾校科目一理论考试 &gt; 道路交通信号 &gt; \n		知识关键点：</pointName>\n    <fieldName>驾校科目一理论考试</fieldName>\n    <questionPoint>1.0</questionPoint>\n    <examingPoint></examingPoint>\n    <knowledgePointId>2</knowledgePointId>\n  </com.extr.controller.domain.QuestionQueryResult>\n  <com.extr.controller.domain.QuestionQueryResult>\n    <questionId>47</questionId>\n    <content>&lt;QuestionContent&gt;\n  &lt;title&gt;前方路口这种信号灯亮表示什么意思？&lt;/title&gt;\n  &lt;titleImg&gt;files/question/admin/1419392644937.jpg&lt;/titleImg&gt;\n  &lt;choiceList&gt;\n    &lt;entry&gt;\n      &lt;string&gt;A&lt;/string&gt;\n      &lt;string&gt;路口警示&lt;/string&gt;\n    &lt;/entry&gt;\n    &lt;entry&gt;\n      &lt;string&gt;B&lt;/string&gt;\n      &lt;string&gt;加速直行&lt;/string&gt;\n    &lt;/entry&gt;\n    &lt;entry&gt;\n      &lt;string&gt;C&lt;/string&gt;\n      &lt;string&gt;加速左转&lt;/string&gt;\n    &lt;/entry&gt;\n    &lt;entry&gt;\n      &lt;string&gt;D&lt;/string&gt;\n      &lt;string&gt;禁止右转&lt;/string&gt;\n    &lt;/entry&gt;\n  &lt;/choiceList&gt;\n  &lt;choiceImgList/&gt;\n&lt;/QuestionContent&gt;</content>\n    <answer>A</answer>\n    <analysis></analysis>\n    <questionTypeId>1</questionTypeId>\n    <referenceName></referenceName>\n    <pointName>驾校科目一理论考试 &gt; 道路交通信号 &gt; \n		知识关键点：</pointName>\n    <fieldName>驾校科目一理论考试</fieldName>\n    <questionPoint>1.0</questionPoint>\n    <examingPoint></examingPoint>\n    <knowledgePointId>2</knowledgePointId>\n  </com.extr.controller.domain.QuestionQueryResult>\n  <com.extr.controller.domain.QuestionQueryResult>\n    <questionId>48</questionId>\n    <content>&lt;QuestionContent&gt;\n  &lt;title&gt;前方路口这种信号灯亮表示什么意思？&lt;/title&gt;\n  &lt;titleImg&gt;files/question/admin/1419392724887.jpg&lt;/titleImg&gt;\n  &lt;choiceList&gt;\n    &lt;entry&gt;\n      &lt;string&gt;A&lt;/string&gt;\n      &lt;string&gt;路口警示&lt;/string&gt;\n    &lt;/entry&gt;\n    &lt;entry&gt;\n      &lt;string&gt;B&lt;/string&gt;\n      &lt;string&gt;禁止通行&lt;/string&gt;\n    &lt;/entry&gt;\n    &lt;entry&gt;\n      &lt;string&gt;C&lt;/string&gt;\n      &lt;string&gt;准许通行&lt;/string&gt;\n    &lt;/entry&gt;\n    &lt;entry&gt;\n      &lt;string&gt;D&lt;/string&gt;\n      &lt;string&gt;提醒注意&lt;/string&gt;\n    &lt;/entry&gt;\n  &lt;/choiceList&gt;\n  &lt;choiceImgList/&gt;\n&lt;/QuestionContent&gt;</content>\n    <answer>C</answer>\n    <analysis></analysis>\n    <questionTypeId>1</questionTypeId>\n    <referenceName></referenceName>\n    <pointName>驾校科目一理论考试 &gt; 道路交通信号 &gt; \n		知识关键点：</pointName>\n    <fieldName>驾校科目一理论考试</fieldName>\n    <questionPoint>1.0</questionPoint>\n    <examingPoint></examingPoint>\n    <knowledgePointId>2</knowledgePointId>\n  </com.extr.controller.domain.QuestionQueryResult>\n  <com.extr.controller.domain.QuestionQueryResult>\n    <questionId>53</questionId>\n    <content>&lt;QuestionContent&gt;\n  &lt;title&gt;驾驶机动车在这种道路上如何通行？&lt;/title&gt;\n  &lt;titleImg&gt;files/question/admin/1419392979974.jpg&lt;/titleImg&gt;\n  &lt;choiceList&gt;\n    &lt;entry&gt;\n      &lt;string&gt;A&lt;/string&gt;\n      &lt;string&gt;在道路两边通行&lt;/string&gt;\n    &lt;/entry&gt;\n    &lt;entry&gt;\n      &lt;string&gt;B&lt;/string&gt;\n      &lt;string&gt;在道路中间通行&lt;/string&gt;\n    &lt;/entry&gt;\n    &lt;entry&gt;\n      &lt;string&gt;C&lt;/string&gt;\n      &lt;string&gt;实行分道通行&lt;/string&gt;\n    &lt;/entry&gt;\n    &lt;entry&gt;\n      &lt;string&gt;D&lt;/string&gt;\n      &lt;string&gt;可随意通行&lt;/string&gt;\n    &lt;/entry&gt;\n  &lt;/choiceList&gt;\n  &lt;choiceImgList/&gt;\n&lt;/QuestionContent&gt;</content>\n    <answer>B</answer>\n    <analysis></analysis>\n    <questionTypeId>1</questionTypeId>\n    <referenceName></referenceName>\n    <pointName>驾校科目一理论考试 &gt; 道路交通信号 &gt; \n		知识关键点：</pointName>\n    <fieldName>驾校科目一理论考试</fieldName>\n    <questionPoint>1.0</questionPoint>\n    <examingPoint></examingPoint>\n    <knowledgePointId>2</knowledgePointId>\n  </com.extr.controller.domain.QuestionQueryResult>\n  <com.extr.controller.domain.QuestionQueryResult>\n    <questionId>54</questionId>\n    <content>&lt;QuestionContent&gt;\n  &lt;title&gt;道路上划设这种标线的车道内允许下列哪类车辆通行？&lt;/title&gt;\n  &lt;titleImg&gt;files/question/admin/1419393039059.jpg&lt;/titleImg&gt;\n  &lt;choiceList&gt;\n    &lt;entry&gt;\n      &lt;string&gt;A&lt;/string&gt;\n      &lt;string&gt;出租车&lt;/string&gt;\n    &lt;/entry&gt;\n    &lt;entry&gt;\n      &lt;string&gt;B&lt;/string&gt;\n      &lt;string&gt;公务用车&lt;/string&gt;\n    &lt;/entry&gt;\n    &lt;entry&gt;\n      &lt;string&gt;C&lt;/string&gt;\n      &lt;string&gt;公交车&lt;/string&gt;\n    &lt;/entry&gt;\n    &lt;entry&gt;\n      &lt;string&gt;D&lt;/string&gt;\n      &lt;string&gt;私家车&lt;/string&gt;\n    &lt;/entry&gt;\n  &lt;/choiceList&gt;\n  &lt;choiceImgList/&gt;\n&lt;/QuestionContent&gt;</content>\n    <answer>C</answer>\n    <analysis></analysis>\n    <questionTypeId>1</questionTypeId>\n    <referenceName></referenceName>\n    <pointName>驾校科目一理论考试 &gt; 道路交通信号 &gt; \n		知识关键点：</pointName>\n    <fieldName>驾校科目一理论考试</fieldName>\n    <questionPoint>1.0</questionPoint>\n    <examingPoint></examingPoint>\n    <knowledgePointId>2</knowledgePointId>\n  </com.extr.controller.domain.QuestionQueryResult>\n  <com.extr.controller.domain.QuestionQueryResult>\n    <questionId>55</questionId>\n    <content>&lt;QuestionContent&gt;\n  &lt;title&gt;驾驶机动车在路口遇到这种情况如何行驶？&lt;/title&gt;\n  &lt;titleImg&gt;files/question/admin/1419393115241.jpg&lt;/titleImg&gt;\n  &lt;choiceList&gt;\n    &lt;entry&gt;\n      &lt;string&gt;A&lt;/string&gt;\n      &lt;string&gt;可以向右转弯&lt;/string&gt;\n    &lt;/entry&gt;\n    &lt;entry&gt;\n      &lt;string&gt;B&lt;/string&gt;\n      &lt;string&gt;靠右侧直行&lt;/string&gt;\n    &lt;/entry&gt;\n    &lt;entry&gt;\n      &lt;string&gt;C&lt;/string&gt;\n      &lt;string&gt;遵守交通信号灯&lt;/string&gt;\n    &lt;/entry&gt;\n    &lt;entry&gt;\n      &lt;string&gt;D&lt;/string&gt;\n      &lt;string&gt;停车等待&lt;/string&gt;\n    &lt;/entry&gt;\n  &lt;/choiceList&gt;\n  &lt;choiceImgList/&gt;\n&lt;/QuestionContent&gt;</content>\n    <answer>D</answer>\n    <analysis></analysis>\n    <questionTypeId>1</questionTypeId>\n    <referenceName></referenceName>\n    <pointName>驾校科目一理论考试 &gt; 道路交通信号 &gt; \n		知识关键点：</pointName>\n    <fieldName>驾校科目一理论考试</fieldName>\n    <questionPoint>1.0</questionPoint>\n    <examingPoint></examingPoint>\n    <knowledgePointId>2</knowledgePointId>\n  </com.extr.controller.domain.QuestionQueryResult>\n  <com.extr.controller.domain.QuestionQueryResult>\n    <questionId>56</questionId>\n    <content>&lt;QuestionContent&gt;\n  &lt;title&gt;有这种信号灯的路口允许机动车如何行驶？&lt;/title&gt;\n  &lt;titleImg&gt;files/question/admin/1419393159526.jpg&lt;/titleImg&gt;\n  &lt;choiceList&gt;\n    &lt;entry&gt;\n      &lt;string&gt;A&lt;/string&gt;\n      &lt;string&gt;向左转弯&lt;/string&gt;\n    &lt;/entry&gt;\n    &lt;entry&gt;\n      &lt;string&gt;B&lt;/string&gt;\n      &lt;string&gt;直行通过&lt;/string&gt;\n    &lt;/entry&gt;\n    &lt;entry&gt;\n      &lt;string&gt;C&lt;/string&gt;\n      &lt;string&gt;向右转弯&lt;/string&gt;\n    &lt;/entry&gt;\n    &lt;entry&gt;\n      &lt;string&gt;D&lt;/string&gt;\n      &lt;string&gt;停车等待&lt;/string&gt;\n    &lt;/entry&gt;\n  &lt;/choiceList&gt;\n  &lt;choiceImgList/&gt;\n&lt;/QuestionContent&gt;</content>\n    <answer>C</answer>\n    <analysis></analysis>\n    <questionTypeId>1</questionTypeId>\n    <referenceName></referenceName>\n    <pointName>驾校科目一理论考试 &gt; 道路交通信号 &gt; \n		知识关键点：</pointName>\n    <fieldName>驾校科目一理论考试</fieldName>\n    <questionPoint>1.0</questionPoint>\n    <examingPoint></examingPoint>\n    <knowledgePointId>2</knowledgePointId>\n  </com.extr.controller.domain.QuestionQueryResult>\n  <com.extr.controller.domain.QuestionQueryResult>\n    <questionId>57</questionId>\n    <content>&lt;QuestionContent&gt;\n  &lt;title&gt;遇到这种情况的路口怎样通过？&lt;/title&gt;\n  &lt;titleImg&gt;files/question/admin/1419393251759.jpg&lt;/titleImg&gt;\n  &lt;choiceList&gt;\n    &lt;entry&gt;\n      &lt;string&gt;A&lt;/string&gt;\n      &lt;string&gt;左转弯加速通过&lt;/string&gt;\n    &lt;/entry&gt;\n    &lt;entry&gt;\n      &lt;string&gt;B&lt;/string&gt;\n      &lt;string&gt;加速直行通过&lt;/string&gt;\n    &lt;/entry&gt;\n    &lt;entry&gt;\n      &lt;string&gt;C&lt;/string&gt;\n      &lt;string&gt;右转弯加速通过&lt;/string&gt;\n    &lt;/entry&gt;\n    &lt;entry&gt;\n      &lt;string&gt;D&lt;/string&gt;\n      &lt;string&gt;确认安全后通过&lt;/string&gt;\n    &lt;/entry&gt;\n  &lt;/choiceList&gt;\n  &lt;choiceImgList/&gt;\n&lt;/QuestionContent&gt;</content>\n    <answer>D</answer>\n    <analysis></analysis>\n    <questionTypeId>1</questionTypeId>\n    <referenceName></referenceName>\n    <pointName>驾校科目一理论考试 &gt; 道路交通信号 &gt; \n		知识关键点：</pointName>\n    <fieldName>驾校科目一理论考试</fieldName>\n    <questionPoint>1.0</questionPoint>\n    <examingPoint></examingPoint>\n    <knowledgePointId>2</knowledgePointId>\n  </com.extr.controller.domain.QuestionQueryResult>\n  <com.extr.controller.domain.QuestionQueryResult>\n    <questionId>58</questionId>\n    <content>&lt;QuestionContent&gt;\n  &lt;title&gt;这段道路红车所在车道是什么车道？&lt;/title&gt;\n  &lt;titleImg&gt;files/question/admin/1419393291595.jpg&lt;/titleImg&gt;\n  &lt;choiceList&gt;\n    &lt;entry&gt;\n      &lt;string&gt;A&lt;/string&gt;\n      &lt;string&gt;快速车道&lt;/string&gt;\n    &lt;/entry&gt;\n    &lt;entry&gt;\n      &lt;string&gt;B&lt;/string&gt;\n      &lt;string&gt;慢速车道&lt;/string&gt;\n    &lt;/entry&gt;\n    &lt;entry&gt;\n      &lt;string&gt;C&lt;/string&gt;\n      &lt;string&gt;专用车道&lt;/string&gt;\n    &lt;/entry&gt;\n    &lt;entry&gt;\n      &lt;string&gt;D&lt;/string&gt;\n      &lt;string&gt;应急车道&lt;/string&gt;\n    &lt;/entry&gt;\n  &lt;/choiceList&gt;\n  &lt;choiceImgList/&gt;\n&lt;/QuestionContent&gt;</content>\n    <answer>A</answer>\n    <analysis></analysis>\n    <questionTypeId>1</questionTypeId>\n    <referenceName></referenceName>\n    <pointName>驾校科目一理论考试 &gt; 道路交通信号 &gt; \n		知识关键点：</pointName>\n    <fieldName>驾校科目一理论考试</fieldName>\n    <questionPoint>1.0</questionPoint>\n    <examingPoint></examingPoint>\n    <knowledgePointId>2</knowledgePointId>\n  </com.extr.controller.domain.QuestionQueryResult>\n  <com.extr.controller.domain.QuestionQueryResult>\n    <questionId>59</questionId>\n    <content>&lt;QuestionContent&gt;\n  &lt;title&gt;机动车在道路上变更车道需要注意什么？&lt;/title&gt;\n  &lt;titleImg&gt;&lt;/titleImg&gt;\n  &lt;choiceList&gt;\n    &lt;entry&gt;\n      &lt;string&gt;A&lt;/string&gt;\n      &lt;string&gt;尽快加速进入左侧车道&lt;/string&gt;\n    &lt;/entry&gt;\n    &lt;entry&gt;\n      &lt;string&gt;B&lt;/string&gt;\n      &lt;string&gt;不能影响其他车辆正常行驶&lt;/string&gt;\n    &lt;/entry&gt;\n    &lt;entry&gt;\n      &lt;string&gt;C&lt;/string&gt;\n      &lt;string&gt;进入左侧车道时适当减速&lt;/string&gt;\n    &lt;/entry&gt;\n    &lt;entry&gt;\n      &lt;string&gt;D&lt;/string&gt;\n      &lt;string&gt;开启转向灯迅速向左转向&lt;/string&gt;\n    &lt;/entry&gt;\n  &lt;/choiceList&gt;\n  &lt;choiceImgList/&gt;\n&lt;/QuestionContent&gt;</content>\n    <answer>B</answer>\n    <analysis></analysis>\n    <questionTypeId>1</questionTypeId>\n    <referenceName></referenceName>\n    <pointName>驾校科目一理论考试 &gt; 安全行车、文明驾驶基础知识 &gt; \n		知识关键点：</pointName>\n    <fieldName>驾校科目一理论考试</fieldName>\n    <questionPoint>1.0</questionPoint>\n    <examingPoint></examingPoint>\n    <knowledgePointId>3</knowledgePointId>\n  </com.extr.controller.domain.QuestionQueryResult>\n  <com.extr.controller.domain.QuestionQueryResult>\n    <questionId>67</questionId>\n    <content>&lt;QuestionContent&gt;\n  &lt;title&gt;驾驶机动车在道路上向左变更车道时如何使用灯光？&lt;/title&gt;\n  &lt;titleImg&gt;&lt;/titleImg&gt;\n  &lt;choiceList&gt;\n    &lt;entry&gt;\n      &lt;string&gt;A&lt;/string&gt;\n      &lt;string&gt;不用开启转向灯&lt;/string&gt;\n    &lt;/entry&gt;\n    &lt;entry&gt;\n      &lt;string&gt;B&lt;/string&gt;\n      &lt;string&gt;提前开启右转向灯&lt;/string&gt;\n    &lt;/entry&gt;\n    &lt;entry&gt;\n      &lt;string&gt;C&lt;/string&gt;\n      &lt;string&gt;提前开启左转向灯&lt;/string&gt;\n    &lt;/entry&gt;\n    &lt;entry&gt;\n      &lt;string&gt;D&lt;/string&gt;\n      &lt;string&gt;提前开启近光灯&lt;/string&gt;\n    &lt;/entry&gt;\n  &lt;/choiceList&gt;\n  &lt;choiceImgList/&gt;\n&lt;/QuestionContent&gt;</content>\n    <answer>C</answer>\n    <analysis></analysis>\n    <questionTypeId>1</questionTypeId>\n    <referenceName></referenceName>\n    <pointName>驾校科目一理论考试 &gt; 安全行车、文明驾驶基础知识 &gt; \n		知识关键点：</pointName>\n    <fieldName>驾校科目一理论考试</fieldName>\n    <questionPoint>1.0</questionPoint>\n    <examingPoint></examingPoint>\n    <knowledgePointId>3</knowledgePointId>\n  </com.extr.controller.domain.QuestionQueryResult>\n  <com.extr.controller.domain.QuestionQueryResult>\n    <questionId>68</questionId>\n    <content>&lt;QuestionContent&gt;\n  &lt;title&gt;驾驶机动车在道路上靠路边停车过程中如何使用灯光？&lt;/title&gt;\n  &lt;titleImg&gt;&lt;/titleImg&gt;\n  &lt;choiceList&gt;\n    &lt;entry&gt;\n      &lt;string&gt;A&lt;/string&gt;\n      &lt;string&gt;变换使用远近光灯&lt;/string&gt;\n    &lt;/entry&gt;\n    &lt;entry&gt;\n      &lt;string&gt;B&lt;/string&gt;\n      &lt;string&gt;不用指示灯提示&lt;/string&gt;\n    &lt;/entry&gt;\n    &lt;entry&gt;\n      &lt;string&gt;C&lt;/string&gt;\n      &lt;string&gt;开启危险报警闪光灯&lt;/string&gt;\n    &lt;/entry&gt;\n    &lt;entry&gt;\n      &lt;string&gt;D&lt;/string&gt;\n      &lt;string&gt;提前开启右转向灯&lt;/string&gt;\n    &lt;/entry&gt;\n  &lt;/choiceList&gt;\n  &lt;choiceImgList/&gt;\n&lt;/QuestionContent&gt;</content>\n    <answer>D</answer>\n    <analysis></analysis>\n    <questionTypeId>1</questionTypeId>\n    <referenceName></referenceName>\n    <pointName>驾校科目一理论考试 &gt; 安全行车、文明驾驶基础知识 &gt; \n		知识关键点：</pointName>\n    <fieldName>驾校科目一理论考试</fieldName>\n    <questionPoint>1.0</questionPoint>\n    <examingPoint></examingPoint>\n    <knowledgePointId>3</knowledgePointId>\n  </com.extr.controller.domain.QuestionQueryResult>\n  <com.extr.controller.domain.QuestionQueryResult>\n    <questionId>69</questionId>\n    <content>&lt;QuestionContent&gt;\n  &lt;title&gt;在这种天气条件下行车如何使用灯光？&lt;/title&gt;\n  &lt;titleImg&gt;files/question/admin/1419402020076.jpg&lt;/titleImg&gt;\n  &lt;choiceList&gt;\n    &lt;entry&gt;\n      &lt;string&gt;A&lt;/string&gt;\n      &lt;string&gt;使用近光灯&lt;/string&gt;\n    &lt;/entry&gt;\n    &lt;entry&gt;\n      &lt;string&gt;B&lt;/string&gt;\n      &lt;string&gt;不使用灯光&lt;/string&gt;\n    &lt;/entry&gt;\n    &lt;entry&gt;\n      &lt;string&gt;C&lt;/string&gt;\n      &lt;string&gt;使用远光灯&lt;/string&gt;\n    &lt;/entry&gt;\n    &lt;entry&gt;\n      &lt;string&gt;D&lt;/string&gt;\n      &lt;string&gt;使用雾灯&lt;/string&gt;\n    &lt;/entry&gt;\n  &lt;/choiceList&gt;\n  &lt;choiceImgList/&gt;\n&lt;/QuestionContent&gt;</content>\n    <answer>A</answer>\n    <analysis></analysis>\n    <questionTypeId>1</questionTypeId>\n    <referenceName></referenceName>\n    <pointName>驾校科目一理论考试 &gt; 安全行车、文明驾驶基础知识 &gt; \n		知识关键点：</pointName>\n    <fieldName>驾校科目一理论考试</fieldName>\n    <questionPoint>1.0</questionPoint>\n    <examingPoint></examingPoint>\n    <knowledgePointId>3</knowledgePointId>\n  </com.extr.controller.domain.QuestionQueryResult>\n  <com.extr.controller.domain.QuestionQueryResult>\n    <questionId>70</questionId>\n    <content>&lt;QuestionContent&gt;\n  &lt;title&gt;在这种天气条件下行车如何使用灯光？&lt;/title&gt;\n  &lt;titleImg&gt;files/question/admin/1419402080586.jpg&lt;/titleImg&gt;\n  &lt;choiceList&gt;\n    &lt;entry&gt;\n      &lt;string&gt;A&lt;/string&gt;\n      &lt;string&gt;使用远光灯&lt;/string&gt;\n    &lt;/entry&gt;\n    &lt;entry&gt;\n      &lt;string&gt;B&lt;/string&gt;\n      &lt;string&gt;使用雾灯&lt;/string&gt;\n    &lt;/entry&gt;\n    &lt;entry&gt;\n      &lt;string&gt;C&lt;/string&gt;\n      &lt;string&gt;开启右转向灯&lt;/string&gt;\n    &lt;/entry&gt;\n    &lt;entry&gt;\n      &lt;string&gt;D&lt;/string&gt;\n      &lt;string&gt;不使用灯光&lt;/string&gt;\n    &lt;/entry&gt;\n  &lt;/choiceList&gt;\n  &lt;choiceImgList/&gt;\n&lt;/QuestionContent&gt;</content>\n    <answer>B</answer>\n    <analysis></analysis>\n    <questionTypeId>1</questionTypeId>\n    <referenceName></referenceName>\n    <pointName>驾校科目一理论考试 &gt; 安全行车、文明驾驶基础知识 &gt; \n		知识关键点：</pointName>\n    <fieldName>驾校科目一理论考试</fieldName>\n    <questionPoint>1.0</questionPoint>\n    <examingPoint></examingPoint>\n    <knowledgePointId>3</knowledgePointId>\n  </com.extr.controller.domain.QuestionQueryResult>\n  <com.extr.controller.domain.QuestionQueryResult>\n    <questionId>72</questionId>\n    <content>&lt;QuestionContent&gt;\n  &lt;title&gt;在这种环境下通过路口如何使用灯光？&lt;/title&gt;\n  &lt;titleImg&gt;files/question/admin/1419402414056.jpg&lt;/titleImg&gt;\n  &lt;choiceList&gt;\n    &lt;entry&gt;\n      &lt;string&gt;A&lt;/string&gt;\n      &lt;string&gt;关闭远光灯&lt;/string&gt;\n    &lt;/entry&gt;\n    &lt;entry&gt;\n      &lt;string&gt;B&lt;/string&gt;\n      &lt;string&gt;使用危险报警闪光灯&lt;/string&gt;\n    &lt;/entry&gt;\n    &lt;entry&gt;\n      &lt;string&gt;C&lt;/string&gt;\n      &lt;string&gt;使用远光灯&lt;/string&gt;\n    &lt;/entry&gt;\n    &lt;entry&gt;\n      &lt;string&gt;D&lt;/string&gt;\n      &lt;string&gt;交替使用远近光灯&lt;/string&gt;\n    &lt;/entry&gt;\n  &lt;/choiceList&gt;\n  &lt;choiceImgList/&gt;\n&lt;/QuestionContent&gt;</content>\n    <answer>D</answer>\n    <analysis></analysis>\n    <questionTypeId>1</questionTypeId>\n    <referenceName></referenceName>\n    <pointName>驾校科目一理论考试 &gt; 安全行车、文明驾驶基础知识 &gt; \n		知识关键点：</pointName>\n    <fieldName>驾校科目一理论考试</fieldName>\n    <questionPoint>1.0</questionPoint>\n    <examingPoint></examingPoint>\n    <knowledgePointId>3</knowledgePointId>\n  </com.extr.controller.domain.QuestionQueryResult>\n  <com.extr.controller.domain.QuestionQueryResult>\n    <questionId>73</questionId>\n    <content>&lt;QuestionContent&gt;\n  &lt;title&gt;在这种路段如何行驶？&lt;/title&gt;\n  &lt;titleImg&gt;files/question/admin/1419402483372.jpg&lt;/titleImg&gt;\n  &lt;choiceList&gt;\n    &lt;entry&gt;\n      &lt;string&gt;A&lt;/string&gt;\n      &lt;string&gt;减速鸣喇叭示意&lt;/string&gt;\n    &lt;/entry&gt;\n    &lt;entry&gt;\n      &lt;string&gt;B&lt;/string&gt;\n      &lt;string&gt;加速鸣喇叭通过&lt;/string&gt;\n    &lt;/entry&gt;\n    &lt;entry&gt;\n      &lt;string&gt;C&lt;/string&gt;\n      &lt;string&gt;在弯道中心转弯&lt;/string&gt;\n    &lt;/entry&gt;\n    &lt;entry&gt;\n      &lt;string&gt;D&lt;/string&gt;\n      &lt;string&gt;占对方道路转弯&lt;/string&gt;\n    &lt;/entry&gt;\n  &lt;/choiceList&gt;\n  &lt;choiceImgList/&gt;\n&lt;/QuestionContent&gt;</content>\n    <answer>A</answer>\n    <analysis></analysis>\n    <questionTypeId>1</questionTypeId>\n    <referenceName></referenceName>\n    <pointName>驾校科目一理论考试 &gt; 安全行车、文明驾驶基础知识 &gt; \n		知识关键点：</pointName>\n    <fieldName>驾校科目一理论考试</fieldName>\n    <questionPoint>1.0</questionPoint>\n    <examingPoint></examingPoint>\n    <knowledgePointId>3</knowledgePointId>\n  </com.extr.controller.domain.QuestionQueryResult>\n  <com.extr.controller.domain.QuestionQueryResult>\n    <questionId>84</questionId>\n    <content>&lt;QuestionContent&gt;\n  &lt;title&gt;下列哪种行为会受到200元以上2000元以下罚款，并处吊销机动车驾驶证？&lt;/title&gt;\n  &lt;titleImg&gt;&lt;/titleImg&gt;\n  &lt;choiceList&gt;\n    &lt;entry&gt;\n      &lt;string&gt;A&lt;/string&gt;\n      &lt;string&gt;违反道路通行规定&lt;/string&gt;\n    &lt;/entry&gt;\n    &lt;entry&gt;\n      &lt;string&gt;B&lt;/string&gt;\n      &lt;string&gt;超过规定时速50%&lt;/string&gt;\n    &lt;/entry&gt;\n    &lt;entry&gt;\n      &lt;string&gt;C&lt;/string&gt;\n      &lt;string&gt;造成交通事故后逃逸&lt;/string&gt;\n    &lt;/entry&gt;\n    &lt;entry&gt;\n      &lt;string&gt;D&lt;/string&gt;\n      &lt;string&gt;驾车没带驾驶证&lt;/string&gt;\n    &lt;/entry&gt;\n  &lt;/choiceList&gt;\n  &lt;choiceImgList/&gt;\n&lt;/QuestionContent&gt;</content>\n    <answer>B</answer>\n    <analysis></analysis>\n    <questionTypeId>1</questionTypeId>\n    <referenceName></referenceName>\n    <pointName>驾校科目一理论考试 &gt; 安全行车、文明驾驶基础知识 &gt; \n		知识关键点：</pointName>\n    <fieldName>驾校科目一理论考试</fieldName>\n    <questionPoint>1.0</questionPoint>\n    <examingPoint></examingPoint>\n    <knowledgePointId>3</knowledgePointId>\n  </com.extr.controller.domain.QuestionQueryResult>\n  <com.extr.controller.domain.QuestionQueryResult>\n    <questionId>87</questionId>\n    <content>&lt;QuestionContent&gt;\n  &lt;title&gt;在这条公路上行驶的最高速度不能超过多少？&lt;/title&gt;\n  &lt;titleImg&gt;files/question/admin/1419403099402.jpg&lt;/titleImg&gt;\n  &lt;choiceList&gt;\n    &lt;entry&gt;\n      &lt;string&gt;A&lt;/string&gt;\n      &lt;string&gt;30公里/小时&lt;/string&gt;\n    &lt;/entry&gt;\n    &lt;entry&gt;\n      &lt;string&gt;B&lt;/string&gt;\n      &lt;string&gt;40公里/小时&lt;/string&gt;\n    &lt;/entry&gt;\n    &lt;entry&gt;\n      &lt;string&gt;C&lt;/string&gt;\n      &lt;string&gt;50公里/小时&lt;/string&gt;\n    &lt;/entry&gt;\n    &lt;entry&gt;\n      &lt;string&gt;D&lt;/string&gt;\n      &lt;string&gt;70公里/小时&lt;/string&gt;\n    &lt;/entry&gt;\n  &lt;/choiceList&gt;\n  &lt;choiceImgList/&gt;\n&lt;/QuestionContent&gt;</content>\n    <answer>B</answer>\n    <analysis></analysis>\n    <questionTypeId>1</questionTypeId>\n    <referenceName></referenceName>\n    <pointName>驾校科目一理论考试 &gt; 安全行车、文明驾驶基础知识 &gt; \n		知识关键点：</pointName>\n    <fieldName>驾校科目一理论考试</fieldName>\n    <questionPoint>1.0</questionPoint>\n    <examingPoint></examingPoint>\n    <knowledgePointId>3</knowledgePointId>\n  </com.extr.controller.domain.QuestionQueryResult>\n  <com.extr.controller.domain.QuestionQueryResult>\n    <questionId>88</questionId>\n    <content>&lt;QuestionContent&gt;\n  &lt;title&gt;在这条城市道路上行驶的最高速度不能超过多少？&lt;/title&gt;\n  &lt;titleImg&gt;files/question/admin/1419403164678.jpg&lt;/titleImg&gt;\n  &lt;choiceList&gt;\n    &lt;entry&gt;\n      &lt;string&gt;A&lt;/string&gt;\n      &lt;string&gt;30公里/小时&lt;/string&gt;\n    &lt;/entry&gt;\n    &lt;entry&gt;\n      &lt;string&gt;B&lt;/string&gt;\n      &lt;string&gt;40公里/小时&lt;/string&gt;\n    &lt;/entry&gt;\n    &lt;entry&gt;\n      &lt;string&gt;C&lt;/string&gt;\n      &lt;string&gt;50公里/小时&lt;/string&gt;\n    &lt;/entry&gt;\n    &lt;entry&gt;\n      &lt;string&gt;D&lt;/string&gt;\n      &lt;string&gt;70公里/小时&lt;/string&gt;\n    &lt;/entry&gt;\n  &lt;/choiceList&gt;\n  &lt;choiceImgList/&gt;\n&lt;/QuestionContent&gt;</content>\n    <answer>C</answer>\n    <analysis></analysis>\n    <questionTypeId>1</questionTypeId>\n    <referenceName></referenceName>\n    <pointName>驾校科目一理论考试 &gt; 安全行车、文明驾驶基础知识 &gt; \n		知识关键点：</pointName>\n    <fieldName>驾校科目一理论考试</fieldName>\n    <questionPoint>1.0</questionPoint>\n    <examingPoint></examingPoint>\n    <knowledgePointId>3</knowledgePointId>\n  </com.extr.controller.domain.QuestionQueryResult>\n  <com.extr.controller.domain.QuestionQueryResult>\n    <questionId>89</questionId>\n    <content>&lt;QuestionContent&gt;\n  &lt;title&gt;在这条公路上行驶的最高速度不能超过多少？&lt;/title&gt;\n  &lt;titleImg&gt;files/question/admin/1419403280574.jpg&lt;/titleImg&gt;\n  &lt;choiceList&gt;\n    &lt;entry&gt;\n      &lt;string&gt;A&lt;/string&gt;\n      &lt;string&gt;30公里/小时&lt;/string&gt;\n    &lt;/entry&gt;\n    &lt;entry&gt;\n      &lt;string&gt;B&lt;/string&gt;\n      &lt;string&gt;40公里/小时&lt;/string&gt;\n    &lt;/entry&gt;\n    &lt;entry&gt;\n      &lt;string&gt;C&lt;/string&gt;\n      &lt;string&gt;50公里/小时&lt;/string&gt;\n    &lt;/entry&gt;\n    &lt;entry&gt;\n      &lt;string&gt;D&lt;/string&gt;\n      &lt;string&gt;70公里/小时&lt;/string&gt;\n    &lt;/entry&gt;\n  &lt;/choiceList&gt;\n  &lt;choiceImgList/&gt;\n&lt;/QuestionContent&gt;</content>\n    <answer>D</answer>\n    <analysis></analysis>\n    <questionTypeId>1</questionTypeId>\n    <referenceName></referenceName>\n    <pointName>驾校科目一理论考试 &gt; 安全行车、文明驾驶基础知识 &gt; \n		知识关键点：</pointName>\n    <fieldName>驾校科目一理论考试</fieldName>\n    <questionPoint>1.0</questionPoint>\n    <examingPoint></examingPoint>\n    <knowledgePointId>3</knowledgePointId>\n  </com.extr.controller.domain.QuestionQueryResult>\n  <com.extr.controller.domain.QuestionQueryResult>\n    <questionId>90</questionId>\n    <content>&lt;QuestionContent&gt;\n  &lt;title&gt;在这个弯道上行驶时的最高速度不能超过多少？&lt;/title&gt;\n  &lt;titleImg&gt;files/question/admin/1419403331566.jpg&lt;/titleImg&gt;\n  &lt;choiceList&gt;\n    &lt;entry&gt;\n      &lt;string&gt;A&lt;/string&gt;\n      &lt;string&gt;30公里/小时&lt;/string&gt;\n    &lt;/entry&gt;\n    &lt;entry&gt;\n      &lt;string&gt;B&lt;/string&gt;\n      &lt;string&gt;40公里/小时&lt;/string&gt;\n    &lt;/entry&gt;\n    &lt;entry&gt;\n      &lt;string&gt;C&lt;/string&gt;\n      &lt;string&gt;50公里/小时&lt;/string&gt;\n    &lt;/entry&gt;\n    &lt;entry&gt;\n      &lt;string&gt;D&lt;/string&gt;\n      &lt;string&gt;70公里/小时&lt;/string&gt;\n    &lt;/entry&gt;\n  &lt;/choiceList&gt;\n  &lt;choiceImgList/&gt;\n&lt;/QuestionContent&gt;</content>\n    <answer>A</answer>\n    <analysis></analysis>\n    <questionTypeId>1</questionTypeId>\n    <referenceName></referenceName>\n    <pointName>驾校科目一理论考试 &gt; 安全行车、文明驾驶基础知识 &gt; \n		知识关键点：</pointName>\n    <fieldName>驾校科目一理论考试</fieldName>\n    <questionPoint>1.0</questionPoint>\n    <examingPoint></examingPoint>\n    <knowledgePointId>3</knowledgePointId>\n  </com.extr.controller.domain.QuestionQueryResult>\n  <com.extr.controller.domain.QuestionQueryResult>\n    <questionId>92</questionId>\n    <content>&lt;QuestionContent&gt;\n  &lt;title&gt;驾驶机动车遇雾、雨、雪等能见度在50米以内时，最高速度不能超过多少？&lt;/title&gt;\n  &lt;titleImg&gt;&lt;/titleImg&gt;\n  &lt;choiceList&gt;\n    &lt;entry&gt;\n      &lt;string&gt;A&lt;/string&gt;\n      &lt;string&gt;70公里/小时&lt;/string&gt;\n    &lt;/entry&gt;\n    &lt;entry&gt;\n      &lt;string&gt;B&lt;/string&gt;\n      &lt;string&gt;50公里/小时&lt;/string&gt;\n    &lt;/entry&gt;\n    &lt;entry&gt;\n      &lt;string&gt;C&lt;/string&gt;\n      &lt;string&gt;40公里/小时&lt;/string&gt;\n    &lt;/entry&gt;\n    &lt;entry&gt;\n      &lt;string&gt;D&lt;/string&gt;\n      &lt;string&gt;30公里/小时&lt;/string&gt;\n    &lt;/entry&gt;\n  &lt;/choiceList&gt;\n  &lt;choiceImgList/&gt;\n&lt;/QuestionContent&gt;</content>\n    <answer>D</answer>\n    <analysis></analysis>\n    <questionTypeId>1</questionTypeId>\n    <referenceName></referenceName>\n    <pointName>驾校科目一理论考试 &gt; 安全行车、文明驾驶基础知识 &gt; \n		知识关键点：</pointName>\n    <fieldName>驾校科目一理论考试</fieldName>\n    <questionPoint>1.0</questionPoint>\n    <examingPoint></examingPoint>\n    <knowledgePointId>3</knowledgePointId>\n  </com.extr.controller.domain.QuestionQueryResult>\n  <com.extr.controller.domain.QuestionQueryResult>\n    <questionId>95</questionId>\n    <content>&lt;QuestionContent&gt;\n  &lt;title&gt;驾驶机动车通过急弯路时，最高速度不能超过多少？&lt;/title&gt;\n  &lt;titleImg&gt;&lt;/titleImg&gt;\n  &lt;choiceList&gt;\n    &lt;entry&gt;\n      &lt;string&gt;A&lt;/string&gt;\n      &lt;string&gt;20公里/小时&lt;/string&gt;\n    &lt;/entry&gt;\n    &lt;entry&gt;\n      &lt;string&gt;B&lt;/string&gt;\n      &lt;string&gt;30公里/小时&lt;/string&gt;\n    &lt;/entry&gt;\n    &lt;entry&gt;\n      &lt;string&gt;C&lt;/string&gt;\n      &lt;string&gt;40公里/小时&lt;/string&gt;\n    &lt;/entry&gt;\n    &lt;entry&gt;\n      &lt;string&gt;D&lt;/string&gt;\n      &lt;string&gt;50公里/小时&lt;/string&gt;\n    &lt;/entry&gt;\n  &lt;/choiceList&gt;\n  &lt;choiceImgList/&gt;\n&lt;/QuestionContent&gt;</content>\n    <answer>B</answer>\n    <analysis></analysis>\n    <questionTypeId>1</questionTypeId>\n    <referenceName></referenceName>\n    <pointName>驾校科目一理论考试 &gt; 安全行车、文明驾驶基础知识 &gt; \n		知识关键点：</pointName>\n    <fieldName>驾校科目一理论考试</fieldName>\n    <questionPoint>1.0</questionPoint>\n    <examingPoint></examingPoint>\n    <knowledgePointId>3</knowledgePointId>\n  </com.extr.controller.domain.QuestionQueryResult>\n  <com.extr.controller.domain.QuestionQueryResult>\n    <questionId>96</questionId>\n    <content>&lt;QuestionContent&gt;\n  &lt;title&gt;驾驶机动车通过窄路、窄桥时，最高速度不能超过多少？&lt;/title&gt;\n  &lt;titleImg&gt;&lt;/titleImg&gt;\n  &lt;choiceList&gt;\n    &lt;entry&gt;\n      &lt;string&gt;A&lt;/string&gt;\n      &lt;string&gt;60公里/小时&lt;/string&gt;\n    &lt;/entry&gt;\n    &lt;entry&gt;\n      &lt;string&gt;B&lt;/string&gt;\n      &lt;string&gt;50公里/小时&lt;/string&gt;\n    &lt;/entry&gt;\n    &lt;entry&gt;\n      &lt;string&gt;C&lt;/string&gt;\n      &lt;string&gt;40公里/小时&lt;/string&gt;\n    &lt;/entry&gt;\n    &lt;entry&gt;\n      &lt;string&gt;D&lt;/string&gt;\n      &lt;string&gt;30公里/小时&lt;/string&gt;\n    &lt;/entry&gt;\n  &lt;/choiceList&gt;\n  &lt;choiceImgList/&gt;\n&lt;/QuestionContent&gt;</content>\n    <answer>D</answer>\n    <analysis></analysis>\n    <questionTypeId>1</questionTypeId>\n    <referenceName></referenceName>\n    <pointName>驾校科目一理论考试 &gt; 安全行车、文明驾驶基础知识 &gt; \n		知识关键点：</pointName>\n    <fieldName>驾校科目一理论考试</fieldName>\n    <questionPoint>1.0</questionPoint>\n    <examingPoint></examingPoint>\n    <knowledgePointId>3</knowledgePointId>\n  </com.extr.controller.domain.QuestionQueryResult>\n  <com.extr.controller.domain.QuestionQueryResult>\n    <questionId>97</questionId>\n    <content>&lt;QuestionContent&gt;\n  &lt;title&gt;驾驶机动车下陡坡、转弯、掉头时，最高速度不能超过多少？&lt;/title&gt;\n  &lt;titleImg&gt;&lt;/titleImg&gt;\n  &lt;choiceList&gt;\n    &lt;entry&gt;\n      &lt;string&gt;A&lt;/string&gt;\n      &lt;string&gt;30公里/小时&lt;/string&gt;\n    &lt;/entry&gt;\n    &lt;entry&gt;\n      &lt;string&gt;B&lt;/string&gt;\n      &lt;string&gt;40公里/小时&lt;/string&gt;\n    &lt;/entry&gt;\n    &lt;entry&gt;\n      &lt;string&gt;C&lt;/string&gt;\n      &lt;string&gt;50公里/小时&lt;/string&gt;\n    &lt;/entry&gt;\n    &lt;entry&gt;\n      &lt;string&gt;D&lt;/string&gt;\n      &lt;string&gt;60公里/小时&lt;/string&gt;\n    &lt;/entry&gt;\n  &lt;/choiceList&gt;\n  &lt;choiceImgList/&gt;\n&lt;/QuestionContent&gt;</content>\n    <answer>A</answer>\n    <analysis></analysis>\n    <questionTypeId>1</questionTypeId>\n    <referenceName></referenceName>\n    <pointName>驾校科目一理论考试 &gt; 安全行车、文明驾驶基础知识 &gt; \n		知识关键点：</pointName>\n    <fieldName>驾校科目一理论考试</fieldName>\n    <questionPoint>1.0</questionPoint>\n    <examingPoint></examingPoint>\n    <knowledgePointId>3</knowledgePointId>\n  </com.extr.controller.domain.QuestionQueryResult>\n  <com.extr.controller.domain.QuestionQueryResult>\n    <questionId>98</questionId>\n    <content>&lt;QuestionContent&gt;\n  &lt;title&gt;驾驶机动车在冰雪道路行驶时，最高速度不能超过多少？&lt;/title&gt;\n  &lt;titleImg&gt;&lt;/titleImg&gt;\n  &lt;choiceList&gt;\n    &lt;entry&gt;\n      &lt;string&gt;A&lt;/string&gt;\n      &lt;string&gt;20公里/小时&lt;/string&gt;\n    &lt;/entry&gt;\n    &lt;entry&gt;\n      &lt;string&gt;B&lt;/string&gt;\n      &lt;string&gt;30公里/小时&lt;/string&gt;\n    &lt;/entry&gt;\n    &lt;entry&gt;\n      &lt;string&gt;C&lt;/string&gt;\n      &lt;string&gt;40公里/小时&lt;/string&gt;\n    &lt;/entry&gt;\n    &lt;entry&gt;\n      &lt;string&gt;D&lt;/string&gt;\n      &lt;string&gt;50公里/小时&lt;/string&gt;\n    &lt;/entry&gt;\n  &lt;/choiceList&gt;\n  &lt;choiceImgList/&gt;\n&lt;/QuestionContent&gt;</content>\n    <answer>B</answer>\n    <analysis></analysis>\n    <questionTypeId>1</questionTypeId>\n    <referenceName></referenceName>\n    <pointName>驾校科目一理论考试 &gt; 安全行车、文明驾驶基础知识 &gt; \n		知识关键点：</pointName>\n    <fieldName>驾校科目一理论考试</fieldName>\n    <questionPoint>1.0</questionPoint>\n    <examingPoint></examingPoint>\n    <knowledgePointId>3</knowledgePointId>\n  </com.extr.controller.domain.QuestionQueryResult>\n  <com.extr.controller.domain.QuestionQueryResult>\n    <questionId>99</questionId>\n    <content>&lt;QuestionContent&gt;\n  &lt;title&gt;驾驶机动车在泥泞道路行驶时，最高速度不能超过多少？&lt;/title&gt;\n  &lt;titleImg&gt;&lt;/titleImg&gt;\n  &lt;choiceList&gt;\n    &lt;entry&gt;\n      &lt;string&gt;A&lt;/string&gt;\n      &lt;string&gt;15公里/小时&lt;/string&gt;\n    &lt;/entry&gt;\n    &lt;entry&gt;\n      &lt;string&gt;B&lt;/string&gt;\n      &lt;string&gt;20公里/小时&lt;/string&gt;\n    &lt;/entry&gt;\n    &lt;entry&gt;\n      &lt;string&gt;C&lt;/string&gt;\n      &lt;string&gt;30公里/小时&lt;/string&gt;\n    &lt;/entry&gt;\n    &lt;entry&gt;\n      &lt;string&gt;D&lt;/string&gt;\n      &lt;string&gt;40公里/小时&lt;/string&gt;\n    &lt;/entry&gt;\n  &lt;/choiceList&gt;\n  &lt;choiceImgList/&gt;\n&lt;/QuestionContent&gt;</content>\n    <answer>C</answer>\n    <analysis></analysis>\n    <questionTypeId>1</questionTypeId>\n    <referenceName></referenceName>\n    <pointName>驾校科目一理论考试 &gt; 安全行车、文明驾驶基础知识 &gt; \n		知识关键点：</pointName>\n    <fieldName>驾校科目一理论考试</fieldName>\n    <questionPoint>1.0</questionPoint>\n    <examingPoint></examingPoint>\n    <knowledgePointId>3</knowledgePointId>\n  </com.extr.controller.domain.QuestionQueryResult>\n  <com.extr.controller.domain.QuestionQueryResult>\n    <questionId>106</questionId>\n    <content>&lt;QuestionContent&gt;\n  &lt;title&gt;这两辆车发生追尾的主要原因是什么？&lt;/title&gt;\n  &lt;titleImg&gt;files/question/admin/1419403857768.jpg&lt;/titleImg&gt;\n  &lt;choiceList&gt;\n    &lt;entry&gt;\n      &lt;string&gt;A&lt;/string&gt;\n      &lt;string&gt;后车未与前车保持安全距离&lt;/string&gt;\n    &lt;/entry&gt;\n    &lt;entry&gt;\n      &lt;string&gt;B&lt;/string&gt;\n      &lt;string&gt;后车超车时距离前车太近&lt;/string&gt;\n    &lt;/entry&gt;\n    &lt;entry&gt;\n      &lt;string&gt;C&lt;/string&gt;\n      &lt;string&gt;前车采取制动过急&lt;/string&gt;\n    &lt;/entry&gt;\n    &lt;entry&gt;\n      &lt;string&gt;D&lt;/string&gt;\n      &lt;string&gt;前车采取制动时没看后视镜&lt;/string&gt;\n    &lt;/entry&gt;\n  &lt;/choiceList&gt;\n  &lt;choiceImgList/&gt;\n&lt;/QuestionContent&gt;</content>\n    <answer>A</answer>\n    <analysis></analysis>\n    <questionTypeId>1</questionTypeId>\n    <referenceName></referenceName>\n    <pointName>驾校科目一理论考试 &gt; 安全行车、文明驾驶基础知识 &gt; \n		知识关键点：</pointName>\n    <fieldName>驾校科目一理论考试</fieldName>\n    <questionPoint>1.0</questionPoint>\n    <examingPoint></examingPoint>\n    <knowledgePointId>3</knowledgePointId>\n  </com.extr.controller.domain.QuestionQueryResult>\n  <com.extr.controller.domain.QuestionQueryResult>\n    <questionId>107</questionId>\n    <content>&lt;QuestionContent&gt;\n  &lt;title&gt;驾驶机动车在下列哪种情形下不能超越前车？&lt;/title&gt;\n  &lt;titleImg&gt;&lt;/titleImg&gt;\n  &lt;choiceList&gt;\n    &lt;entry&gt;\n      &lt;string&gt;A&lt;/string&gt;\n      &lt;string&gt;前车减速让行&lt;/string&gt;\n    &lt;/entry&gt;\n    &lt;entry&gt;\n      &lt;string&gt;B&lt;/string&gt;\n      &lt;string&gt;前车正在左转弯&lt;/string&gt;\n    &lt;/entry&gt;\n    &lt;entry&gt;\n      &lt;string&gt;C&lt;/string&gt;\n      &lt;string&gt;前车靠边停车&lt;/string&gt;\n    &lt;/entry&gt;\n    &lt;entry&gt;\n      &lt;string&gt;D&lt;/string&gt;\n      &lt;string&gt;前车正在右转弯&lt;/string&gt;\n    &lt;/entry&gt;\n  &lt;/choiceList&gt;\n  &lt;choiceImgList/&gt;\n&lt;/QuestionContent&gt;</content>\n    <answer>B</answer>\n    <analysis></analysis>\n    <questionTypeId>1</questionTypeId>\n    <referenceName></referenceName>\n    <pointName>驾校科目一理论考试 &gt; 安全行车、文明驾驶基础知识 &gt; \n		知识关键点：</pointName>\n    <fieldName>驾校科目一理论考试</fieldName>\n    <questionPoint>1.0</questionPoint>\n    <examingPoint></examingPoint>\n    <knowledgePointId>3</knowledgePointId>\n  </com.extr.controller.domain.QuestionQueryResult>\n  <com.extr.controller.domain.QuestionQueryResult>\n    <questionId>109</questionId>\n    <content>&lt;QuestionContent&gt;\n  &lt;title&gt;这种情况超车时，从前车的哪一侧超越？&lt;/title&gt;\n  &lt;titleImg&gt;files/question/admin/1419404007677.jpg&lt;/titleImg&gt;\n  &lt;choiceList&gt;\n    &lt;entry&gt;\n      &lt;string&gt;A&lt;/string&gt;\n      &lt;string&gt;从前车的右侧超越&lt;/string&gt;\n    &lt;/entry&gt;\n    &lt;entry&gt;\n      &lt;string&gt;B&lt;/string&gt;\n      &lt;string&gt;左右两侧均可超越&lt;/string&gt;\n    &lt;/entry&gt;\n    &lt;entry&gt;\n      &lt;string&gt;C&lt;/string&gt;\n      &lt;string&gt;从前车的左侧超越&lt;/string&gt;\n    &lt;/entry&gt;\n    &lt;entry&gt;\n      &lt;string&gt;D&lt;/string&gt;\n      &lt;string&gt;从无障碍一侧超越&lt;/string&gt;\n    &lt;/entry&gt;\n  &lt;/choiceList&gt;\n  &lt;choiceImgList/&gt;\n&lt;/QuestionContent&gt;</content>\n    <answer>C</answer>\n    <analysis></analysis>\n    <questionTypeId>1</questionTypeId>\n    <referenceName></referenceName>\n    <pointName>驾校科目一理论考试 &gt; 安全行车、文明驾驶基础知识 &gt; \n		知识关键点：</pointName>\n    <fieldName>驾校科目一理论考试</fieldName>\n    <questionPoint>1.0</questionPoint>\n    <examingPoint></examingPoint>\n    <knowledgePointId>3</knowledgePointId>\n  </com.extr.controller.domain.QuestionQueryResult>\n  <com.extr.controller.domain.QuestionQueryResult>\n    <questionId>110</questionId>\n    <content>&lt;QuestionContent&gt;\n  &lt;title&gt;同车道行驶的车辆遇前车有下列哪种情形时不得超车？&lt;/title&gt;\n  &lt;titleImg&gt;&lt;/titleImg&gt;\n  &lt;choiceList&gt;\n    &lt;entry&gt;\n      &lt;string&gt;A&lt;/string&gt;\n      &lt;string&gt;正在停车&lt;/string&gt;\n    &lt;/entry&gt;\n    &lt;entry&gt;\n      &lt;string&gt;B&lt;/string&gt;\n      &lt;string&gt;减速让行&lt;/string&gt;\n    &lt;/entry&gt;\n    &lt;entry&gt;\n      &lt;string&gt;C&lt;/string&gt;\n      &lt;string&gt;正常行驶&lt;/string&gt;\n    &lt;/entry&gt;\n    &lt;entry&gt;\n      &lt;string&gt;D&lt;/string&gt;\n      &lt;string&gt;正在超车&lt;/string&gt;\n    &lt;/entry&gt;\n  &lt;/choiceList&gt;\n  &lt;choiceImgList/&gt;\n&lt;/QuestionContent&gt;</content>\n    <answer>D</answer>\n    <analysis></analysis>\n    <questionTypeId>1</questionTypeId>\n    <referenceName></referenceName>\n    <pointName>驾校科目一理论考试 &gt; 安全行车、文明驾驶基础知识 &gt; \n		知识关键点：</pointName>\n    <fieldName>驾校科目一理论考试</fieldName>\n    <questionPoint>1.0</questionPoint>\n    <examingPoint></examingPoint>\n    <knowledgePointId>3</knowledgePointId>\n  </com.extr.controller.domain.QuestionQueryResult>\n  <com.extr.controller.domain.QuestionQueryResult>\n    <questionId>115</questionId>\n    <content>&lt;QuestionContent&gt;\n  &lt;title&gt;驾驶机动车行经市区下列哪种道路时不得超车？&lt;/title&gt;\n  &lt;titleImg&gt;&lt;/titleImg&gt;\n  &lt;choiceList&gt;\n    &lt;entry&gt;\n      &lt;string&gt;A&lt;/string&gt;\n      &lt;string&gt;主要街道&lt;/string&gt;\n    &lt;/entry&gt;\n    &lt;entry&gt;\n      &lt;string&gt;B&lt;/string&gt;\n      &lt;string&gt;单向行驶路段&lt;/string&gt;\n    &lt;/entry&gt;\n    &lt;entry&gt;\n      &lt;string&gt;C&lt;/string&gt;\n      &lt;string&gt;单向两条行车道&lt;/string&gt;\n    &lt;/entry&gt;\n    &lt;entry&gt;\n      &lt;string&gt;D&lt;/string&gt;\n      &lt;string&gt;交通流量大的路段&lt;/string&gt;\n    &lt;/entry&gt;\n  &lt;/choiceList&gt;\n  &lt;choiceImgList/&gt;\n&lt;/QuestionContent&gt;</content>\n    <answer>D</answer>\n    <analysis></analysis>\n    <questionTypeId>1</questionTypeId>\n    <referenceName></referenceName>\n    <pointName>驾校科目一理论考试 &gt; 安全行车、文明驾驶基础知识 &gt; \n		知识关键点：</pointName>\n    <fieldName>驾校科目一理论考试</fieldName>\n    <questionPoint>1.0</questionPoint>\n    <examingPoint></examingPoint>\n    <knowledgePointId>3</knowledgePointId>\n  </com.extr.controller.domain.QuestionQueryResult>\n  <com.extr.controller.domain.QuestionQueryResult>\n    <questionId>116</questionId>\n    <content>&lt;QuestionContent&gt;\n  &lt;title&gt;驾驶机动车行经下列哪种路段不得超车？&lt;/title&gt;\n  &lt;titleImg&gt;&lt;/titleImg&gt;\n  &lt;choiceList&gt;\n    &lt;entry&gt;\n      &lt;string&gt;A&lt;/string&gt;\n      &lt;string&gt;主要街道&lt;/string&gt;\n    &lt;/entry&gt;\n    &lt;entry&gt;\n      &lt;string&gt;B&lt;/string&gt;\n      &lt;string&gt;高架路&lt;/string&gt;\n    &lt;/entry&gt;\n    &lt;entry&gt;\n      &lt;string&gt;C&lt;/string&gt;\n      &lt;string&gt;人行横道&lt;/string&gt;\n    &lt;/entry&gt;\n    &lt;entry&gt;\n      &lt;string&gt;D&lt;/string&gt;\n      &lt;string&gt;环城高速&lt;/string&gt;\n    &lt;/entry&gt;\n  &lt;/choiceList&gt;\n  &lt;choiceImgList/&gt;\n&lt;/QuestionContent&gt;</content>\n    <answer>C</answer>\n    <analysis></analysis>\n    <questionTypeId>1</questionTypeId>\n    <referenceName></referenceName>\n    <pointName>驾校科目一理论考试 &gt; 安全行车、文明驾驶基础知识 &gt; \n		知识关键点：</pointName>\n    <fieldName>驾校科目一理论考试</fieldName>\n    <questionPoint>1.0</questionPoint>\n    <examingPoint></examingPoint>\n    <knowledgePointId>3</knowledgePointId>\n  </com.extr.controller.domain.QuestionQueryResult>\n  <com.extr.controller.domain.QuestionQueryResult>\n    <questionId>117</questionId>\n    <content>&lt;QuestionContent&gt;\n  &lt;title&gt;驾驶机动车行经下列哪种路段时不得超车？&lt;/title&gt;\n  &lt;titleImg&gt;&lt;/titleImg&gt;\n  &lt;choiceList&gt;\n    &lt;entry&gt;\n      &lt;string&gt;A&lt;/string&gt;\n      &lt;string&gt;高架路&lt;/string&gt;\n    &lt;/entry&gt;\n    &lt;entry&gt;\n      &lt;string&gt;B&lt;/string&gt;\n      &lt;string&gt;交叉路口&lt;/string&gt;\n    &lt;/entry&gt;\n    &lt;entry&gt;\n      &lt;string&gt;C&lt;/string&gt;\n      &lt;string&gt;环城高速&lt;/string&gt;\n    &lt;/entry&gt;\n    &lt;entry&gt;\n      &lt;string&gt;D&lt;/string&gt;\n      &lt;string&gt;中心街道&lt;/string&gt;\n    &lt;/entry&gt;\n  &lt;/choiceList&gt;\n  &lt;choiceImgList/&gt;\n&lt;/QuestionContent&gt;</content>\n    <answer>B</answer>\n    <analysis></analysis>\n    <questionTypeId>1</questionTypeId>\n    <referenceName></referenceName>\n    <pointName>驾校科目一理论考试 &gt; 安全行车、文明驾驶基础知识 &gt; \n		知识关键点：</pointName>\n    <fieldName>驾校科目一理论考试</fieldName>\n    <questionPoint>1.0</questionPoint>\n    <examingPoint></examingPoint>\n    <knowledgePointId>3</knowledgePointId>\n  </com.extr.controller.domain.QuestionQueryResult>\n  <com.extr.controller.domain.QuestionQueryResult>\n    <questionId>4</questionId>\n    <content>&lt;QuestionContent&gt;\n  &lt;title&gt;驾驶机动车违反道路交通安全法律法规发生交通事故属于交通违章行为。&lt;/title&gt;\n  &lt;titleImg&gt;&lt;/titleImg&gt;\n  &lt;choiceList/&gt;\n  &lt;choiceImgList/&gt;\n&lt;/QuestionContent&gt;</content>\n    <answer>F</answer>\n    <analysis></analysis>\n    <questionTypeId>3</questionTypeId>\n    <referenceName></referenceName>\n    <pointName>驾校科目一理论考试 &gt; 道路交通安全法律、法规和规章 &gt; \n		知识关键点：</pointName>\n    <fieldName>驾校科目一理论考试</fieldName>\n    <questionPoint>1.0</questionPoint>\n    <examingPoint></examingPoint>\n    <knowledgePointId>1</knowledgePointId>\n  </com.extr.controller.domain.QuestionQueryResult>\n  <com.extr.controller.domain.QuestionQueryResult>\n    <questionId>6</questionId>\n    <content>&lt;QuestionContent&gt;\n  &lt;title&gt;对未取得驾驶证驾驶机动车的，追究其法律责任。&lt;/title&gt;\n  &lt;titleImg&gt;&lt;/titleImg&gt;\n  &lt;choiceList/&gt;\n  &lt;choiceImgList/&gt;\n&lt;/QuestionContent&gt;</content>\n    <answer>T</answer>\n    <analysis></analysis>\n    <questionTypeId>3</questionTypeId>\n    <referenceName></referenceName>\n    <pointName>驾校科目一理论考试 &gt; 道路交通安全法律、法规和规章 &gt; \n		知识关键点：</pointName>\n    <fieldName>驾校科目一理论考试</fieldName>\n    <questionPoint>1.0</questionPoint>\n    <examingPoint></examingPoint>\n    <knowledgePointId>1</knowledgePointId>\n  </com.extr.controller.domain.QuestionQueryResult>\n  <com.extr.controller.domain.QuestionQueryResult>\n    <questionId>7</questionId>\n    <content>&lt;QuestionContent&gt;\n  &lt;title&gt;对违法驾驶发生重大交通事故且构成犯罪的，不追究其刑事责任。&lt;/title&gt;\n  &lt;titleImg&gt;&lt;/titleImg&gt;\n  &lt;choiceList/&gt;\n  &lt;choiceImgList/&gt;\n&lt;/QuestionContent&gt;</content>\n    <answer>F</answer>\n    <analysis></analysis>\n    <questionTypeId>3</questionTypeId>\n    <referenceName></referenceName>\n    <pointName>驾校科目一理论考试 &gt; 道路交通安全法律、法规和规章 &gt; \n		知识关键点：</pointName>\n    <fieldName>驾校科目一理论考试</fieldName>\n    <questionPoint>1.0</questionPoint>\n    <examingPoint></examingPoint>\n    <knowledgePointId>1</knowledgePointId>\n  </com.extr.controller.domain.QuestionQueryResult>\n  <com.extr.controller.domain.QuestionQueryResult>\n    <questionId>8</questionId>\n    <content>&lt;QuestionContent&gt;\n  &lt;title&gt;造成交通事故后逃逸且构成犯罪的驾驶人,将吊销驾驶证且终生不得重新取得驾驶证。&lt;/title&gt;\n  &lt;titleImg&gt;&lt;/titleImg&gt;\n  &lt;choiceList/&gt;\n  &lt;choiceImgList/&gt;\n&lt;/QuestionContent&gt;</content>\n    <answer>T</answer>\n    <analysis></analysis>\n    <questionTypeId>3</questionTypeId>\n    <referenceName></referenceName>\n    <pointName>驾校科目一理论考试 &gt; 道路交通安全法律、法规和规章 &gt; \n		知识关键点：</pointName>\n    <fieldName>驾校科目一理论考试</fieldName>\n    <questionPoint>1.0</questionPoint>\n    <examingPoint></examingPoint>\n    <knowledgePointId>1</knowledgePointId>\n  </com.extr.controller.domain.QuestionQueryResult>\n  <com.extr.controller.domain.QuestionQueryResult>\n    <questionId>9</questionId>\n    <content>&lt;QuestionContent&gt;\n  &lt;title&gt;驾驶机动车在道路上违反交通安全法规的行为属于违法行为。&lt;/title&gt;\n  &lt;titleImg&gt;&lt;/titleImg&gt;\n  &lt;choiceList/&gt;\n  &lt;choiceImgList/&gt;\n&lt;/QuestionContent&gt;</content>\n    <answer>T</answer>\n    <analysis></analysis>\n    <questionTypeId>3</questionTypeId>\n    <referenceName></referenceName>\n    <pointName>驾校科目一理论考试 &gt; 道路交通安全法律、法规和规章 &gt; \n		知识关键点：</pointName>\n    <fieldName>驾校科目一理论考试</fieldName>\n    <questionPoint>1.0</questionPoint>\n    <examingPoint></examingPoint>\n    <knowledgePointId>1</knowledgePointId>\n  </com.extr.controller.domain.QuestionQueryResult>\n  <com.extr.controller.domain.QuestionQueryResult>\n    <questionId>15</questionId>\n    <content>&lt;QuestionContent&gt;\n  &lt;title&gt;驾驶人要按照驾驶证载明的准驾车型驾驶车辆。&lt;/title&gt;\n  &lt;titleImg&gt;&lt;/titleImg&gt;\n  &lt;choiceList/&gt;\n  &lt;choiceImgList/&gt;\n&lt;/QuestionContent&gt;</content>\n    <answer>T</answer>\n    <analysis></analysis>\n    <questionTypeId>3</questionTypeId>\n    <referenceName></referenceName>\n    <pointName>驾校科目一理论考试 &gt; 道路交通安全法律、法规和规章 &gt; \n		知识关键点：</pointName>\n    <fieldName>驾校科目一理论考试</fieldName>\n    <questionPoint>1.0</questionPoint>\n    <examingPoint></examingPoint>\n    <knowledgePointId>1</knowledgePointId>\n  </com.extr.controller.domain.QuestionQueryResult>\n  <com.extr.controller.domain.QuestionQueryResult>\n    <questionId>16</questionId>\n    <content>&lt;QuestionContent&gt;\n  &lt;title&gt;上路行驶的机动车未随车携带身份证的，交通警察可依法扣留机动车。&lt;/title&gt;\n  &lt;titleImg&gt;&lt;/titleImg&gt;\n  &lt;choiceList/&gt;\n  &lt;choiceImgList/&gt;\n&lt;/QuestionContent&gt;</content>\n    <answer>F</answer>\n    <analysis></analysis>\n    <questionTypeId>3</questionTypeId>\n    <referenceName></referenceName>\n    <pointName>驾校科目一理论考试 &gt; 道路交通安全法律、法规和规章 &gt; \n		知识关键点：</pointName>\n    <fieldName>驾校科目一理论考试</fieldName>\n    <questionPoint>1.0</questionPoint>\n    <examingPoint></examingPoint>\n    <knowledgePointId>1</knowledgePointId>\n  </com.extr.controller.domain.QuestionQueryResult>\n  <com.extr.controller.domain.QuestionQueryResult>\n    <questionId>17</questionId>\n    <content>&lt;QuestionContent&gt;\n  &lt;title&gt;上路行驶的机动车未放置检验合格标志的，交通警察可依法扣留机动车。&lt;/title&gt;\n  &lt;titleImg&gt;&lt;/titleImg&gt;\n  &lt;choiceList/&gt;\n  &lt;choiceImgList/&gt;\n&lt;/QuestionContent&gt;</content>\n    <answer>T</answer>\n    <analysis></analysis>\n    <questionTypeId>3</questionTypeId>\n    <referenceName></referenceName>\n    <pointName>驾校科目一理论考试 &gt; 道路交通安全法律、法规和规章 &gt; \n		知识关键点：</pointName>\n    <fieldName>驾校科目一理论考试</fieldName>\n    <questionPoint>1.0</questionPoint>\n    <examingPoint></examingPoint>\n    <knowledgePointId>1</knowledgePointId>\n  </com.extr.controller.domain.QuestionQueryResult>\n  <com.extr.controller.domain.QuestionQueryResult>\n    <questionId>18</questionId>\n    <content>&lt;QuestionContent&gt;\n  &lt;title&gt;伪造、变造机动车驾驶证构成犯罪的将被依法追究刑事责任。&lt;/title&gt;\n  &lt;titleImg&gt;&lt;/titleImg&gt;\n  &lt;choiceList/&gt;\n  &lt;choiceImgList/&gt;\n&lt;/QuestionContent&gt;</content>\n    <answer>T</answer>\n    <analysis></analysis>\n    <questionTypeId>3</questionTypeId>\n    <referenceName></referenceName>\n    <pointName>驾校科目一理论考试 &gt; 道路交通安全法律、法规和规章 &gt; \n		知识关键点：</pointName>\n    <fieldName>驾校科目一理论考试</fieldName>\n    <questionPoint>1.0</questionPoint>\n    <examingPoint></examingPoint>\n    <knowledgePointId>1</knowledgePointId>\n  </com.extr.controller.domain.QuestionQueryResult>\n  <com.extr.controller.domain.QuestionQueryResult>\n    <questionId>19</questionId>\n    <content>&lt;QuestionContent&gt;\n  &lt;title&gt;机动车驾驶人在实习期内驾驶机动车不得牵引挂车。&lt;/title&gt;\n  &lt;titleImg&gt;&lt;/titleImg&gt;\n  &lt;choiceList/&gt;\n  &lt;choiceImgList/&gt;\n&lt;/QuestionContent&gt;</content>\n    <answer>T</answer>\n    <analysis></analysis>\n    <questionTypeId>3</questionTypeId>\n    <referenceName></referenceName>\n    <pointName>驾校科目一理论考试 &gt; 道路交通安全法律、法规和规章 &gt; \n		知识关键点：</pointName>\n    <fieldName>驾校科目一理论考试</fieldName>\n    <questionPoint>1.0</questionPoint>\n    <examingPoint></examingPoint>\n    <knowledgePointId>1</knowledgePointId>\n  </com.extr.controller.domain.QuestionQueryResult>\n  <com.extr.controller.domain.QuestionQueryResult>\n    <questionId>24</questionId>\n    <content>&lt;QuestionContent&gt;\n  &lt;title&gt;驾驶机动车上路前应当检查车辆安全技术性能。&lt;/title&gt;\n  &lt;titleImg&gt;&lt;/titleImg&gt;\n  &lt;choiceList/&gt;\n  &lt;choiceImgList/&gt;\n&lt;/QuestionContent&gt;</content>\n    <answer>T</answer>\n    <analysis></analysis>\n    <questionTypeId>3</questionTypeId>\n    <referenceName></referenceName>\n    <pointName>驾校科目一理论考试 &gt; 道路交通安全法律、法规和规章 &gt; \n		知识关键点：</pointName>\n    <fieldName>驾校科目一理论考试</fieldName>\n    <questionPoint>1.0</questionPoint>\n    <examingPoint></examingPoint>\n    <knowledgePointId>1</knowledgePointId>\n  </com.extr.controller.domain.QuestionQueryResult>\n  <com.extr.controller.domain.QuestionQueryResult>\n    <questionId>25</questionId>\n    <content>&lt;QuestionContent&gt;\n  &lt;title&gt;不得驾驶具有安全隐患的机动车上道路行驶。&lt;/title&gt;\n  &lt;titleImg&gt;&lt;/titleImg&gt;\n  &lt;choiceList/&gt;\n  &lt;choiceImgList/&gt;\n&lt;/QuestionContent&gt;</content>\n    <answer>T</answer>\n    <analysis></analysis>\n    <questionTypeId>3</questionTypeId>\n    <referenceName></referenceName>\n    <pointName>驾校科目一理论考试 &gt; 道路交通安全法律、法规和规章 &gt; \n		知识关键点：</pointName>\n    <fieldName>驾校科目一理论考试</fieldName>\n    <questionPoint>1.0</questionPoint>\n    <examingPoint></examingPoint>\n    <knowledgePointId>1</knowledgePointId>\n  </com.extr.controller.domain.QuestionQueryResult>\n  <com.extr.controller.domain.QuestionQueryResult>\n    <questionId>26</questionId>\n    <content>&lt;QuestionContent&gt;\n  &lt;title&gt;拼装的机动车只要认为安全就可以上路行驶。&lt;/title&gt;\n  &lt;titleImg&gt;&lt;/titleImg&gt;\n  &lt;choiceList/&gt;\n  &lt;choiceImgList/&gt;\n&lt;/QuestionContent&gt;</content>\n    <answer>F</answer>\n    <analysis></analysis>\n    <questionTypeId>3</questionTypeId>\n    <referenceName></referenceName>\n    <pointName>驾校科目一理论考试 &gt; 道路交通安全法律、法规和规章 &gt; \n		知识关键点：</pointName>\n    <fieldName>驾校科目一理论考试</fieldName>\n    <questionPoint>1.0</questionPoint>\n    <examingPoint></examingPoint>\n    <knowledgePointId>1</knowledgePointId>\n  </com.extr.controller.domain.QuestionQueryResult>\n  <com.extr.controller.domain.QuestionQueryResult>\n    <questionId>27</questionId>\n    <content>&lt;QuestionContent&gt;\n  &lt;title&gt;已经达到报废标准的机动车经大修后可以上路行驶。&lt;/title&gt;\n  &lt;titleImg&gt;&lt;/titleImg&gt;\n  &lt;choiceList/&gt;\n  &lt;choiceImgList/&gt;\n&lt;/QuestionContent&gt;</content>\n    <answer>F</answer>\n    <analysis></analysis>\n    <questionTypeId>3</questionTypeId>\n    <referenceName></referenceName>\n    <pointName>驾校科目一理论考试 &gt; 道路交通安全法律、法规和规章 &gt; \n		知识关键点：</pointName>\n    <fieldName>驾校科目一理论考试</fieldName>\n    <questionPoint>1.0</questionPoint>\n    <examingPoint></examingPoint>\n    <knowledgePointId>1</knowledgePointId>\n  </com.extr.controller.domain.QuestionQueryResult>\n  <com.extr.controller.domain.QuestionQueryResult>\n    <questionId>33</questionId>\n    <content>&lt;QuestionContent&gt;\n  &lt;title&gt;驾驶机动车上路行驶应当按规定悬挂号牌。&lt;/title&gt;\n  &lt;titleImg&gt;&lt;/titleImg&gt;\n  &lt;choiceList/&gt;\n  &lt;choiceImgList/&gt;\n&lt;/QuestionContent&gt;</content>\n    <answer>T</answer>\n    <analysis></analysis>\n    <questionTypeId>3</questionTypeId>\n    <referenceName></referenceName>\n    <pointName>驾校科目一理论考试 &gt; 道路交通安全法律、法规和规章 &gt; \n		知识关键点：</pointName>\n    <fieldName>驾校科目一理论考试</fieldName>\n    <questionPoint>1.0</questionPoint>\n    <examingPoint></examingPoint>\n    <knowledgePointId>1</knowledgePointId>\n  </com.extr.controller.domain.QuestionQueryResult>\n  <com.extr.controller.domain.QuestionQueryResult>\n    <questionId>34</questionId>\n    <content>&lt;QuestionContent&gt;\n  &lt;title&gt;驾驶这种机动车上路行驶没有违法行为。&lt;/title&gt;\n  &lt;titleImg&gt;files/question/admin/1419392222000.jpg&lt;/titleImg&gt;\n  &lt;choiceList/&gt;\n  &lt;choiceImgList/&gt;\n&lt;/QuestionContent&gt;</content>\n    <answer>F</answer>\n    <analysis></analysis>\n    <questionTypeId>3</questionTypeId>\n    <referenceName></referenceName>\n    <pointName>驾校科目一理论考试 &gt; 道路交通安全法律、法规和规章 &gt; \n		知识关键点：</pointName>\n    <fieldName>驾校科目一理论考试</fieldName>\n    <questionPoint>1.0</questionPoint>\n    <examingPoint></examingPoint>\n    <knowledgePointId>1</knowledgePointId>\n  </com.extr.controller.domain.QuestionQueryResult>\n  <com.extr.controller.domain.QuestionQueryResult>\n    <questionId>41</questionId>\n    <content>&lt;QuestionContent&gt;\n  &lt;title&gt;驾驶人在驾驶证丢失后3个月内还可以驾驶机动车。&lt;/title&gt;\n  &lt;titleImg&gt;&lt;/titleImg&gt;\n  &lt;choiceList/&gt;\n  &lt;choiceImgList/&gt;\n&lt;/QuestionContent&gt;</content>\n    <answer>F</answer>\n    <analysis></analysis>\n    <questionTypeId>3</questionTypeId>\n    <referenceName></referenceName>\n    <pointName>驾校科目一理论考试 &gt; 道路交通安全法律、法规和规章 &gt; \n		知识关键点：</pointName>\n    <fieldName>驾校科目一理论考试</fieldName>\n    <questionPoint>1.0</questionPoint>\n    <examingPoint></examingPoint>\n    <knowledgePointId>1</knowledgePointId>\n  </com.extr.controller.domain.QuestionQueryResult>\n  <com.extr.controller.domain.QuestionQueryResult>\n    <questionId>42</questionId>\n    <content>&lt;QuestionContent&gt;\n  &lt;title&gt;驾驶人持超过有效期的驾驶证可以在1年内驾驶机动车。&lt;/title&gt;\n  &lt;titleImg&gt;&lt;/titleImg&gt;\n  &lt;choiceList/&gt;\n  &lt;choiceImgList/&gt;\n&lt;/QuestionContent&gt;</content>\n    <answer>F</answer>\n    <analysis></analysis>\n    <questionTypeId>3</questionTypeId>\n    <referenceName></referenceName>\n    <pointName>驾校科目一理论考试 &gt; 道路交通安全法律、法规和规章 &gt; \n		知识关键点：</pointName>\n    <fieldName>驾校科目一理论考试</fieldName>\n    <questionPoint>1.0</questionPoint>\n    <examingPoint></examingPoint>\n    <knowledgePointId>1</knowledgePointId>\n  </com.extr.controller.domain.QuestionQueryResult>\n  <com.extr.controller.domain.QuestionQueryResult>\n    <questionId>43</questionId>\n    <content>&lt;QuestionContent&gt;\n  &lt;title&gt;驾驶人的驾驶证损毁后不得驾驶机动车。&lt;/title&gt;\n  &lt;titleImg&gt;&lt;/titleImg&gt;\n  &lt;choiceList/&gt;\n  &lt;choiceImgList/&gt;\n&lt;/QuestionContent&gt;</content>\n    <answer>T</answer>\n    <analysis></analysis>\n    <questionTypeId>3</questionTypeId>\n    <referenceName></referenceName>\n    <pointName>驾校科目一理论考试 &gt; 道路交通安全法律、法规和规章 &gt; \n		知识关键点：</pointName>\n    <fieldName>驾校科目一理论考试</fieldName>\n    <questionPoint>1.0</questionPoint>\n    <examingPoint></examingPoint>\n    <knowledgePointId>1</knowledgePointId>\n  </com.extr.controller.domain.QuestionQueryResult>\n  <com.extr.controller.domain.QuestionQueryResult>\n    <questionId>44</questionId>\n    <content>&lt;QuestionContent&gt;\n  &lt;title&gt;记分满12分的驾驶人拒不参加学习和考试的将被公告驾驶证停止使用。&lt;/title&gt;\n  &lt;titleImg&gt;&lt;/titleImg&gt;\n  &lt;choiceList/&gt;\n  &lt;choiceImgList/&gt;\n&lt;/QuestionContent&gt;</content>\n    <answer>T</answer>\n    <analysis></analysis>\n    <questionTypeId>3</questionTypeId>\n    <referenceName></referenceName>\n    <pointName>驾校科目一理论考试 &gt; 道路交通安全法律、法规和规章 &gt; \n		知识关键点：</pointName>\n    <fieldName>驾校科目一理论考试</fieldName>\n    <questionPoint>1.0</questionPoint>\n    <examingPoint></examingPoint>\n    <knowledgePointId>1</knowledgePointId>\n  </com.extr.controller.domain.QuestionQueryResult>\n  <com.extr.controller.domain.QuestionQueryResult>\n    <questionId>45</questionId>\n    <content>&lt;QuestionContent&gt;\n  &lt;title&gt;驾驶人的机动车驾驶证被依法扣留、暂扣的情况下不得驾驶机动车。&lt;/title&gt;\n  &lt;titleImg&gt;&lt;/titleImg&gt;\n  &lt;choiceList/&gt;\n  &lt;choiceImgList/&gt;\n&lt;/QuestionContent&gt;</content>\n    <answer>T</answer>\n    <analysis></analysis>\n    <questionTypeId>3</questionTypeId>\n    <referenceName></referenceName>\n    <pointName>驾校科目一理论考试 &gt; 道路交通安全法律、法规和规章 &gt; \n		知识关键点：</pointName>\n    <fieldName>驾校科目一理论考试</fieldName>\n    <questionPoint>1.0</questionPoint>\n    <examingPoint></examingPoint>\n    <knowledgePointId>1</knowledgePointId>\n  </com.extr.controller.domain.QuestionQueryResult>\n  <com.extr.controller.domain.QuestionQueryResult>\n    <questionId>49</questionId>\n    <content>&lt;QuestionContent&gt;\n  &lt;title&gt;交通信号包括交通信号灯、交通标志、交通标线和交通警察的指挥。&lt;/title&gt;\n  &lt;titleImg&gt;&lt;/titleImg&gt;\n  &lt;choiceList/&gt;\n  &lt;choiceImgList/&gt;\n&lt;/QuestionContent&gt;</content>\n    <answer>T</answer>\n    <analysis></analysis>\n    <questionTypeId>3</questionTypeId>\n    <referenceName></referenceName>\n    <pointName>驾校科目一理论考试 &gt; 道路交通信号 &gt; \n		知识关键点：</pointName>\n    <fieldName>驾校科目一理论考试</fieldName>\n    <questionPoint>1.0</questionPoint>\n    <examingPoint></examingPoint>\n    <knowledgePointId>2</knowledgePointId>\n  </com.extr.controller.domain.QuestionQueryResult>\n  <com.extr.controller.domain.QuestionQueryResult>\n    <questionId>50</questionId>\n    <content>&lt;QuestionContent&gt;\n  &lt;title&gt;交通标志和交通标线不属于交通信号。&lt;/title&gt;\n  &lt;titleImg&gt;&lt;/titleImg&gt;\n  &lt;choiceList/&gt;\n  &lt;choiceImgList/&gt;\n&lt;/QuestionContent&gt;</content>\n    <answer>F</answer>\n    <analysis></analysis>\n    <questionTypeId>3</questionTypeId>\n    <referenceName></referenceName>\n    <pointName>驾校科目一理论考试 &gt; 道路交通信号 &gt; \n		知识关键点：</pointName>\n    <fieldName>驾校科目一理论考试</fieldName>\n    <questionPoint>1.0</questionPoint>\n    <examingPoint></examingPoint>\n    <knowledgePointId>2</knowledgePointId>\n  </com.extr.controller.domain.QuestionQueryResult>\n  <com.extr.controller.domain.QuestionQueryResult>\n    <questionId>51</questionId>\n    <content>&lt;QuestionContent&gt;\n  &lt;title&gt;交通信号灯由红灯、绿灯和黄灯组成。&lt;/title&gt;\n  &lt;titleImg&gt;&lt;/titleImg&gt;\n  &lt;choiceList/&gt;\n  &lt;choiceImgList/&gt;\n&lt;/QuestionContent&gt;</content>\n    <answer>T</answer>\n    <analysis></analysis>\n    <questionTypeId>3</questionTypeId>\n    <referenceName></referenceName>\n    <pointName>驾校科目一理论考试 &gt; 道路交通信号 &gt; \n		知识关键点：</pointName>\n    <fieldName>驾校科目一理论考试</fieldName>\n    <questionPoint>1.0</questionPoint>\n    <examingPoint></examingPoint>\n    <knowledgePointId>2</knowledgePointId>\n  </com.extr.controller.domain.QuestionQueryResult>\n  <com.extr.controller.domain.QuestionQueryResult>\n    <questionId>52</questionId>\n    <content>&lt;QuestionContent&gt;\n  &lt;title&gt;道路交通标线分为指示标线、警告标线、禁止标线。&lt;/title&gt;\n  &lt;titleImg&gt;&lt;/titleImg&gt;\n  &lt;choiceList/&gt;\n  &lt;choiceImgList/&gt;\n&lt;/QuestionContent&gt;</content>\n    <answer>T</answer>\n    <analysis></analysis>\n    <questionTypeId>3</questionTypeId>\n    <referenceName></referenceName>\n    <pointName>驾校科目一理论考试 &gt; 道路交通信号 &gt; \n		知识关键点：</pointName>\n    <fieldName>驾校科目一理论考试</fieldName>\n    <questionPoint>1.0</questionPoint>\n    <examingPoint></examingPoint>\n    <knowledgePointId>2</knowledgePointId>\n  </com.extr.controller.domain.QuestionQueryResult>\n  <com.extr.controller.domain.QuestionQueryResult>\n    <questionId>61</questionId>\n    <content>&lt;QuestionContent&gt;\n  &lt;title&gt;在路口遇有交通信号灯和交通警察指挥不一致时，按照交通信号灯通行。&lt;/title&gt;\n  &lt;titleImg&gt;&lt;/titleImg&gt;\n  &lt;choiceList/&gt;\n  &lt;choiceImgList/&gt;\n&lt;/QuestionContent&gt;</content>\n    <answer>F</answer>\n    <analysis></analysis>\n    <questionTypeId>3</questionTypeId>\n    <referenceName></referenceName>\n    <pointName>驾校科目一理论考试 &gt; 道路交通信号 &gt; \n		知识关键点：</pointName>\n    <fieldName>驾校科目一理论考试</fieldName>\n    <questionPoint>1.0</questionPoint>\n    <examingPoint></examingPoint>\n    <knowledgePointId>2</knowledgePointId>\n  </com.extr.controller.domain.QuestionQueryResult>\n  <com.extr.controller.domain.QuestionQueryResult>\n    <questionId>62</questionId>\n    <content>&lt;QuestionContent&gt;\n  &lt;title&gt;在这种情况下可加速通过交叉路口。&lt;/title&gt;\n  &lt;titleImg&gt;files/question/admin/1419393546273.jpg&lt;/titleImg&gt;\n  &lt;choiceList/&gt;\n  &lt;choiceImgList/&gt;\n&lt;/QuestionContent&gt;</content>\n    <answer>F</answer>\n    <analysis></analysis>\n    <questionTypeId>3</questionTypeId>\n    <referenceName></referenceName>\n    <pointName>驾校科目一理论考试 &gt; 道路交通信号 &gt; \n		知识关键点：</pointName>\n    <fieldName>驾校科目一理论考试</fieldName>\n    <questionPoint>1.0</questionPoint>\n    <examingPoint></examingPoint>\n    <knowledgePointId>2</knowledgePointId>\n  </com.extr.controller.domain.QuestionQueryResult>\n  <com.extr.controller.domain.QuestionQueryResult>\n    <questionId>63</questionId>\n    <content>&lt;QuestionContent&gt;\n  &lt;title&gt;在路口这个位置时可以加速通过路口。&lt;/title&gt;\n  &lt;titleImg&gt;files/question/admin/1419393602691.jpg&lt;/titleImg&gt;\n  &lt;choiceList/&gt;\n  &lt;choiceImgList/&gt;\n&lt;/QuestionContent&gt;</content>\n    <answer>F</answer>\n    <analysis></analysis>\n    <questionTypeId>3</questionTypeId>\n    <referenceName></referenceName>\n    <pointName>驾校科目一理论考试 &gt; 道路交通信号 &gt; \n		知识关键点：</pointName>\n    <fieldName>驾校科目一理论考试</fieldName>\n    <questionPoint>1.0</questionPoint>\n    <examingPoint></examingPoint>\n    <knowledgePointId>2</knowledgePointId>\n  </com.extr.controller.domain.QuestionQueryResult>\n  <com.extr.controller.domain.QuestionQueryResult>\n    <questionId>64</questionId>\n    <content>&lt;QuestionContent&gt;\n  &lt;title&gt;驾驶机动车不能进入红色叉形灯或者红色箭头灯亮的车道。&lt;/title&gt;\n  &lt;titleImg&gt;&lt;/titleImg&gt;\n  &lt;choiceList/&gt;\n  &lt;choiceImgList/&gt;\n&lt;/QuestionContent&gt;</content>\n    <answer>T</answer>\n    <analysis></analysis>\n    <questionTypeId>3</questionTypeId>\n    <referenceName></referenceName>\n    <pointName>驾校科目一理论考试 &gt; 道路交通信号 &gt; \n		知识关键点：</pointName>\n    <fieldName>驾校科目一理论考试</fieldName>\n    <questionPoint>1.0</questionPoint>\n    <examingPoint></examingPoint>\n    <knowledgePointId>2</knowledgePointId>\n  </com.extr.controller.domain.QuestionQueryResult>\n  <com.extr.controller.domain.QuestionQueryResult>\n    <questionId>65</questionId>\n    <content>&lt;QuestionContent&gt;\n  &lt;title&gt;在这段路的最高时速为每小时50公里。&lt;/title&gt;\n  &lt;titleImg&gt;files/question/admin/1419393668510.jpg&lt;/titleImg&gt;\n  &lt;choiceList/&gt;\n  &lt;choiceImgList/&gt;\n&lt;/QuestionContent&gt;</content>\n    <answer>F</answer>\n    <analysis></analysis>\n    <questionTypeId>3</questionTypeId>\n    <referenceName></referenceName>\n    <pointName>驾校科目一理论考试 &gt; 道路交通信号 &gt; \n		知识关键点：</pointName>\n    <fieldName>驾校科目一理论考试</fieldName>\n    <questionPoint>1.0</questionPoint>\n    <examingPoint></examingPoint>\n    <knowledgePointId>2</knowledgePointId>\n  </com.extr.controller.domain.QuestionQueryResult>\n  <com.extr.controller.domain.QuestionQueryResult>\n    <questionId>74</questionId>\n    <content>&lt;QuestionContent&gt;\n  &lt;title&gt;驾驶机动车在道路上超车时可以不使用转向灯。&lt;/title&gt;\n  &lt;titleImg&gt;&lt;/titleImg&gt;\n  &lt;choiceList/&gt;\n  &lt;choiceImgList/&gt;\n&lt;/QuestionContent&gt;</content>\n    <answer>F</answer>\n    <analysis></analysis>\n    <questionTypeId>3</questionTypeId>\n    <referenceName></referenceName>\n    <pointName>驾校科目一理论考试 &gt; 安全行车、文明驾驶基础知识 &gt; \n		知识关键点：</pointName>\n    <fieldName>驾校科目一理论考试</fieldName>\n    <questionPoint>1.0</questionPoint>\n    <examingPoint></examingPoint>\n    <knowledgePointId>3</knowledgePointId>\n  </com.extr.controller.domain.QuestionQueryResult>\n  <com.extr.controller.domain.QuestionQueryResult>\n    <questionId>76</questionId>\n    <content>&lt;QuestionContent&gt;\n  &lt;title&gt;驾驶机动车在道路上掉头时提前开启左转向灯。&lt;/title&gt;\n  &lt;titleImg&gt;&lt;/titleImg&gt;\n  &lt;choiceList/&gt;\n  &lt;choiceImgList/&gt;\n&lt;/QuestionContent&gt;</content>\n    <answer>T</answer>\n    <analysis></analysis>\n    <questionTypeId>3</questionTypeId>\n    <referenceName></referenceName>\n    <pointName>驾校科目一理论考试 &gt; 安全行车、文明驾驶基础知识 &gt; \n		知识关键点：</pointName>\n    <fieldName>驾校科目一理论考试</fieldName>\n    <questionPoint>1.0</questionPoint>\n    <examingPoint></examingPoint>\n    <knowledgePointId>3</knowledgePointId>\n  </com.extr.controller.domain.QuestionQueryResult>\n  <com.extr.controller.domain.QuestionQueryResult>\n    <questionId>77</questionId>\n    <content>&lt;QuestionContent&gt;\n  &lt;title&gt;驾驶机动车在道路上向右变更车道可以不使用转向灯。&lt;/title&gt;\n  &lt;titleImg&gt;&lt;/titleImg&gt;\n  &lt;choiceList/&gt;\n  &lt;choiceImgList/&gt;\n&lt;/QuestionContent&gt;</content>\n    <answer>F</answer>\n    <analysis></analysis>\n    <questionTypeId>3</questionTypeId>\n    <referenceName></referenceName>\n    <pointName>驾校科目一理论考试 &gt; 安全行车、文明驾驶基础知识 &gt; \n		知识关键点：</pointName>\n    <fieldName>驾校科目一理论考试</fieldName>\n    <questionPoint>1.0</questionPoint>\n    <examingPoint></examingPoint>\n    <knowledgePointId>3</knowledgePointId>\n  </com.extr.controller.domain.QuestionQueryResult>\n  <com.extr.controller.domain.QuestionQueryResult>\n    <questionId>78</questionId>\n    <content>&lt;QuestionContent&gt;\n  &lt;title&gt;驾驶机动车在沙尘天气条件下行车不用开启前照灯、示廓灯和后位灯。&lt;/title&gt;\n  &lt;titleImg&gt;&lt;/titleImg&gt;\n  &lt;choiceList/&gt;\n  &lt;choiceImgList/&gt;\n&lt;/QuestionContent&gt;</content>\n    <answer>F</answer>\n    <analysis></analysis>\n    <questionTypeId>3</questionTypeId>\n    <referenceName></referenceName>\n    <pointName>驾校科目一理论考试 &gt; 安全行车、文明驾驶基础知识 &gt; \n		知识关键点：</pointName>\n    <fieldName>驾校科目一理论考试</fieldName>\n    <questionPoint>1.0</questionPoint>\n    <examingPoint></examingPoint>\n    <knowledgePointId>3</knowledgePointId>\n  </com.extr.controller.domain.QuestionQueryResult>\n  <com.extr.controller.domain.QuestionQueryResult>\n    <questionId>79</questionId>\n    <content>&lt;QuestionContent&gt;\n  &lt;title&gt;在这种环境里行车使用近光灯。&lt;/title&gt;\n  &lt;titleImg&gt;files/question/admin/1419402694847.jpg&lt;/titleImg&gt;\n  &lt;choiceList/&gt;\n  &lt;choiceImgList/&gt;\n&lt;/QuestionContent&gt;</content>\n    <answer>T</answer>\n    <analysis></analysis>\n    <questionTypeId>3</questionTypeId>\n    <referenceName></referenceName>\n    <pointName>驾校科目一理论考试 &gt; 安全行车、文明驾驶基础知识 &gt; \n		知识关键点：</pointName>\n    <fieldName>驾校科目一理论考试</fieldName>\n    <questionPoint>1.0</questionPoint>\n    <examingPoint></examingPoint>\n    <knowledgePointId>3</knowledgePointId>\n  </com.extr.controller.domain.QuestionQueryResult>\n  <com.extr.controller.domain.QuestionQueryResult>\n    <questionId>80</questionId>\n    <content>&lt;QuestionContent&gt;\n  &lt;title&gt;驾驶机动车在雾天行车开启雾灯和危险报警闪光灯。&lt;/title&gt;\n  &lt;titleImg&gt;&lt;/titleImg&gt;\n  &lt;choiceList/&gt;\n  &lt;choiceImgList/&gt;\n&lt;/QuestionContent&gt;</content>\n    <answer>T</answer>\n    <analysis></analysis>\n    <questionTypeId>3</questionTypeId>\n    <referenceName></referenceName>\n    <pointName>驾校科目一理论考试 &gt; 安全行车、文明驾驶基础知识 &gt; \n		知识关键点：</pointName>\n    <fieldName>驾校科目一理论考试</fieldName>\n    <questionPoint>1.0</questionPoint>\n    <examingPoint></examingPoint>\n    <knowledgePointId>3</knowledgePointId>\n  </com.extr.controller.domain.QuestionQueryResult>\n  <com.extr.controller.domain.QuestionQueryResult>\n    <questionId>82</questionId>\n    <content>&lt;QuestionContent&gt;\n  &lt;title&gt;夜间驾驶机动车通过人行横道时需要交替使用远近光灯。&lt;/title&gt;\n  &lt;titleImg&gt;&lt;/titleImg&gt;\n  &lt;choiceList/&gt;\n  &lt;choiceImgList/&gt;\n&lt;/QuestionContent&gt;</content>\n    <answer>T</answer>\n    <analysis></analysis>\n    <questionTypeId>3</questionTypeId>\n    <referenceName></referenceName>\n    <pointName>驾校科目一理论考试 &gt; 安全行车、文明驾驶基础知识 &gt; \n		知识关键点：</pointName>\n    <fieldName>驾校科目一理论考试</fieldName>\n    <questionPoint>1.0</questionPoint>\n    <examingPoint></examingPoint>\n    <knowledgePointId>3</knowledgePointId>\n  </com.extr.controller.domain.QuestionQueryResult>\n  <com.extr.controller.domain.QuestionQueryResult>\n    <questionId>83</questionId>\n    <content>&lt;QuestionContent&gt;\n  &lt;title&gt;驾驶机动车上坡时,在将要到达坡道顶端时要加速并鸣喇叭。&lt;/title&gt;\n  &lt;titleImg&gt;&lt;/titleImg&gt;\n  &lt;choiceList/&gt;\n  &lt;choiceImgList/&gt;\n&lt;/QuestionContent&gt;</content>\n    <answer>F</answer>\n    <analysis></analysis>\n    <questionTypeId>3</questionTypeId>\n    <referenceName></referenceName>\n    <pointName>驾校科目一理论考试 &gt; 安全行车、文明驾驶基础知识 &gt; \n		知识关键点：</pointName>\n    <fieldName>驾校科目一理论考试</fieldName>\n    <questionPoint>1.0</questionPoint>\n    <examingPoint></examingPoint>\n    <knowledgePointId>3</knowledgePointId>\n  </com.extr.controller.domain.QuestionQueryResult>\n  <com.extr.controller.domain.QuestionQueryResult>\n    <questionId>91</questionId>\n    <content>&lt;QuestionContent&gt;\n  &lt;title&gt;驾驶机动车遇到沙尘、冰雹、雨、雾、结冰等气象条件时应降低行驶速度。&lt;/title&gt;\n  &lt;titleImg&gt;&lt;/titleImg&gt;\n  &lt;choiceList/&gt;\n  &lt;choiceImgList/&gt;\n&lt;/QuestionContent&gt;</content>\n    <answer>T</answer>\n    <analysis></analysis>\n    <questionTypeId>3</questionTypeId>\n    <referenceName></referenceName>\n    <pointName>驾校科目一理论考试 &gt; 安全行车、文明驾驶基础知识 &gt; \n		知识关键点：</pointName>\n    <fieldName>驾校科目一理论考试</fieldName>\n    <questionPoint>1.0</questionPoint>\n    <examingPoint></examingPoint>\n    <knowledgePointId>3</knowledgePointId>\n  </com.extr.controller.domain.QuestionQueryResult>\n  <com.extr.controller.domain.QuestionQueryResult>\n    <questionId>100</questionId>\n    <content>&lt;QuestionContent&gt;\n  &lt;title&gt;驾驶机动车上道路行驶,不允许超过限速标志标明的最高时速。&lt;/title&gt;\n  &lt;titleImg&gt;&lt;/titleImg&gt;\n  &lt;choiceList/&gt;\n  &lt;choiceImgList/&gt;\n&lt;/QuestionContent&gt;</content>\n    <answer>T</answer>\n    <analysis></analysis>\n    <questionTypeId>3</questionTypeId>\n    <referenceName></referenceName>\n    <pointName>驾校科目一理论考试 &gt; 安全行车、文明驾驶基础知识 &gt; \n		知识关键点：</pointName>\n    <fieldName>驾校科目一理论考试</fieldName>\n    <questionPoint>1.0</questionPoint>\n    <examingPoint></examingPoint>\n    <knowledgePointId>3</knowledgePointId>\n  </com.extr.controller.domain.QuestionQueryResult>\n  <com.extr.controller.domain.QuestionQueryResult>\n    <questionId>101</questionId>\n    <content>&lt;QuestionContent&gt;\n  &lt;title&gt;驾驶机动车在没有中心线的城市道路上，最高速度不能超过每小时50公里。&lt;/title&gt;\n  &lt;titleImg&gt;&lt;/titleImg&gt;\n  &lt;choiceList/&gt;\n  &lt;choiceImgList/&gt;\n&lt;/QuestionContent&gt;</content>\n    <answer>F</answer>\n    <analysis></analysis>\n    <questionTypeId>3</questionTypeId>\n    <referenceName></referenceName>\n    <pointName>驾校科目一理论考试 &gt; 安全行车、文明驾驶基础知识 &gt; \n		知识关键点：</pointName>\n    <fieldName>驾校科目一理论考试</fieldName>\n    <questionPoint>1.0</questionPoint>\n    <examingPoint></examingPoint>\n    <knowledgePointId>3</knowledgePointId>\n  </com.extr.controller.domain.QuestionQueryResult>\n  <com.extr.controller.domain.QuestionQueryResult>\n    <questionId>103</questionId>\n    <content>&lt;QuestionContent&gt;\n  &lt;title&gt;车在这种条件的道路上，最高速度不能超过每小时50公里。&lt;/title&gt;\n  &lt;titleImg&gt;files/question/admin/1419403778471.jpg&lt;/titleImg&gt;\n  &lt;choiceList/&gt;\n  &lt;choiceImgList/&gt;\n&lt;/QuestionContent&gt;</content>\n    <answer>F</answer>\n    <analysis></analysis>\n    <questionTypeId>3</questionTypeId>\n    <referenceName></referenceName>\n    <pointName>驾校科目一理论考试 &gt; 安全行车、文明驾驶基础知识 &gt; \n		知识关键点：</pointName>\n    <fieldName>驾校科目一理论考试</fieldName>\n    <questionPoint>1.0</questionPoint>\n    <examingPoint></examingPoint>\n    <knowledgePointId>3</knowledgePointId>\n  </com.extr.controller.domain.QuestionQueryResult>\n  <com.extr.controller.domain.QuestionQueryResult>\n    <questionId>104</questionId>\n    <content>&lt;QuestionContent&gt;\n  &lt;title&gt;驾驶机动车掉头、转弯、下陡坡时的最高速度不能超过每小时40公里。&lt;/title&gt;\n  &lt;titleImg&gt;&lt;/titleImg&gt;\n  &lt;choiceList/&gt;\n  &lt;choiceImgList/&gt;\n&lt;/QuestionContent&gt;</content>\n    <answer>F</answer>\n    <analysis></analysis>\n    <questionTypeId>3</questionTypeId>\n    <referenceName></referenceName>\n    <pointName>驾校科目一理论考试 &gt; 安全行车、文明驾驶基础知识 &gt; \n		知识关键点：</pointName>\n    <fieldName>驾校科目一理论考试</fieldName>\n    <questionPoint>1.0</questionPoint>\n    <examingPoint></examingPoint>\n    <knowledgePointId>3</knowledgePointId>\n  </com.extr.controller.domain.QuestionQueryResult>\n  <com.extr.controller.domain.QuestionQueryResult>\n    <questionId>105</questionId>\n    <content>&lt;QuestionContent&gt;\n  &lt;title&gt;驾驶机动车通过窄路、窄桥时的最高速度不能超过每小时30公里。&lt;/title&gt;\n  &lt;titleImg&gt;&lt;/titleImg&gt;\n  &lt;choiceList/&gt;\n  &lt;choiceImgList/&gt;\n&lt;/QuestionContent&gt;</content>\n    <answer>T</answer>\n    <analysis></analysis>\n    <questionTypeId>3</questionTypeId>\n    <referenceName></referenceName>\n    <pointName>驾校科目一理论考试 &gt; 安全行车、文明驾驶基础知识 &gt; \n		知识关键点：</pointName>\n    <fieldName>驾校科目一理论考试</fieldName>\n    <questionPoint>1.0</questionPoint>\n    <examingPoint></examingPoint>\n    <knowledgePointId>3</knowledgePointId>\n  </com.extr.controller.domain.QuestionQueryResult>\n  <com.extr.controller.domain.QuestionQueryResult>\n    <questionId>120</questionId>\n    <content>&lt;QuestionContent&gt;\n  &lt;title&gt;遇到这种情况不能超车。&lt;/title&gt;\n  &lt;titleImg&gt;files/question/admin/1419404444736.jpg&lt;/titleImg&gt;\n  &lt;choiceList/&gt;\n  &lt;choiceImgList/&gt;\n&lt;/QuestionContent&gt;</content>\n    <answer>T</answer>\n    <analysis></analysis>\n    <questionTypeId>3</questionTypeId>\n    <referenceName></referenceName>\n    <pointName>驾校科目一理论考试 &gt; 安全行车、文明驾驶基础知识 &gt; \n		知识关键点：</pointName>\n    <fieldName>驾校科目一理论考试</fieldName>\n    <questionPoint>1.0</questionPoint>\n    <examingPoint></examingPoint>\n    <knowledgePointId>3</knowledgePointId>\n  </com.extr.controller.domain.QuestionQueryResult>\n  <com.extr.controller.domain.QuestionQueryResult>\n    <questionId>121</questionId>\n    <content>&lt;QuestionContent&gt;\n  &lt;title&gt;驾驶机动车超车应该提前开启左转向灯、变换使用远近光灯或鸣喇叭。&lt;/title&gt;\n  &lt;titleImg&gt;&lt;/titleImg&gt;\n  &lt;choiceList/&gt;\n  &lt;choiceImgList/&gt;\n&lt;/QuestionContent&gt;</content>\n    <answer>T</answer>\n    <analysis></analysis>\n    <questionTypeId>3</questionTypeId>\n    <referenceName></referenceName>\n    <pointName>驾校科目一理论考试 &gt; 安全行车、文明驾驶基础知识 &gt; \n		知识关键点：</pointName>\n    <fieldName>驾校科目一理论考试</fieldName>\n    <questionPoint>1.0</questionPoint>\n    <examingPoint></examingPoint>\n    <knowledgePointId>3</knowledgePointId>\n  </com.extr.controller.domain.QuestionQueryResult>\n  <com.extr.controller.domain.QuestionQueryResult>\n    <questionId>123</questionId>\n    <content>&lt;QuestionContent&gt;\n  &lt;title&gt;在道路上遇到这种情况可以从两侧超车。&lt;/title&gt;\n  &lt;titleImg&gt;files/question/admin/1419404509740.jpg&lt;/titleImg&gt;\n  &lt;choiceList/&gt;\n  &lt;choiceImgList/&gt;\n&lt;/QuestionContent&gt;</content>\n    <answer>F</answer>\n    <analysis></analysis>\n    <questionTypeId>3</questionTypeId>\n    <referenceName></referenceName>\n    <pointName>驾校科目一理论考试 &gt; 安全行车、文明驾驶基础知识 &gt; \n		知识关键点：</pointName>\n    <fieldName>驾校科目一理论考试</fieldName>\n    <questionPoint>1.0</questionPoint>\n    <examingPoint></examingPoint>\n    <knowledgePointId>3</knowledgePointId>\n  </com.extr.controller.domain.QuestionQueryResult>\n  <com.extr.controller.domain.QuestionQueryResult>\n    <questionId>124</questionId>\n    <content>&lt;QuestionContent&gt;\n  &lt;title&gt;在这种情况下可以加速通过人行横道。&lt;/title&gt;\n  &lt;titleImg&gt;files/question/admin/1419404553476.jpg&lt;/titleImg&gt;\n  &lt;choiceList/&gt;\n  &lt;choiceImgList/&gt;\n&lt;/QuestionContent&gt;</content>\n    <answer>F</answer>\n    <analysis></analysis>\n    <questionTypeId>3</questionTypeId>\n    <referenceName></referenceName>\n    <pointName>驾校科目一理论考试 &gt; 安全行车、文明驾驶基础知识 &gt; \n		知识关键点：</pointName>\n    <fieldName>驾校科目一理论考试</fieldName>\n    <questionPoint>1.0</questionPoint>\n    <examingPoint></examingPoint>\n    <knowledgePointId>3</knowledgePointId>\n  </com.extr.controller.domain.QuestionQueryResult>\n  <com.extr.controller.domain.QuestionQueryResult>\n    <questionId>126</questionId>\n    <content>&lt;QuestionContent&gt;\n  &lt;title&gt;驾驶机动车行经城市没有列车通过的铁路道口时允许超车。&lt;/title&gt;\n  &lt;titleImg&gt;&lt;/titleImg&gt;\n  &lt;choiceList/&gt;\n  &lt;choiceImgList/&gt;\n&lt;/QuestionContent&gt;</content>\n    <answer>F</answer>\n    <analysis></analysis>\n    <questionTypeId>3</questionTypeId>\n    <referenceName></referenceName>\n    <pointName>驾校科目一理论考试 &gt; 安全行车、文明驾驶基础知识 &gt; \n		知识关键点：</pointName>\n    <fieldName>驾校科目一理论考试</fieldName>\n    <questionPoint>1.0</questionPoint>\n    <examingPoint></examingPoint>\n    <knowledgePointId>3</knowledgePointId>\n  </com.extr.controller.domain.QuestionQueryResult>\n  <com.extr.controller.domain.QuestionQueryResult>\n    <questionId>127</questionId>\n    <content>&lt;QuestionContent&gt;\n  &lt;title&gt;驾驶机动车在隧道、陡坡等特殊路段不得超车。&lt;/title&gt;\n  &lt;titleImg&gt;&lt;/titleImg&gt;\n  &lt;choiceList/&gt;\n  &lt;choiceImgList/&gt;\n&lt;/QuestionContent&gt;</content>\n    <answer>T</answer>\n    <analysis></analysis>\n    <questionTypeId>3</questionTypeId>\n    <referenceName></referenceName>\n    <pointName>驾校科目一理论考试 &gt; 安全行车、文明驾驶基础知识 &gt; \n		知识关键点：</pointName>\n    <fieldName>驾校科目一理论考试</fieldName>\n    <questionPoint>1.0</questionPoint>\n    <examingPoint></examingPoint>\n    <knowledgePointId>3</knowledgePointId>\n  </com.extr.controller.domain.QuestionQueryResult>\n</list>','2020-06-10 05:58:25',NULL,60,0.0,NULL);
/*!40000 ALTER TABLE `et_user_exam_history` ENABLE KEYS */;
UNLOCK TABLES;

--
-- Table structure for table `et_user_question_history_t`
--

DROP TABLE IF EXISTS `et_user_question_history_t`;
/*!40101 SET @saved_cs_client     = @@character_set_client */;
/*!40101 SET character_set_client = utf8 */;
CREATE TABLE `et_user_question_history_t` (
  `user_question_hist_id` int(11) NOT NULL AUTO_INCREMENT,
  `user_id` int(11) NOT NULL,
  `user_question_hist` mediumtext NOT NULL,
  `modify_time` timestamp NULL DEFAULT NULL ON UPDATE CURRENT_TIMESTAMP,
  PRIMARY KEY (`user_question_hist_id`),
  UNIQUE KEY `idx_u_q_hist_userid` (`user_id`) USING BTREE
) ENGINE=InnoDB AUTO_INCREMENT=2 DEFAULT CHARSET=utf8;
/*!40101 SET character_set_client = @saved_cs_client */;

--
-- Dumping data for table `et_user_question_history_t`
--

LOCK TABLES `et_user_question_history_t` WRITE;
/*!40000 ALTER TABLE `et_user_question_history_t` DISABLE KEYS */;
INSERT INTO `et_user_question_history_t` VALUES (1,5,'<map>\n  <entry>\n    <int>0</int>\n    <tree-map>\n      <entry>\n        <int>135</int>\n        <com.extr.domain.question.QuestionHistory>\n          <examPaperId>0</examPaperId>\n          <questionId>135</questionId>\n          <time>2020-06-11 02:06:25.848 UTC</time>\n          <answer>C</answer>\n          <myAnswer>D</myAnswer>\n          <isRight>false</isRight>\n          <questionTypeId>1</questionTypeId>\n          <pointId>3</pointId>\n          <from>0</from>\n        </com.extr.domain.question.QuestionHistory>\n      </entry>\n      <entry>\n        <int>136</int>\n        <com.extr.domain.question.QuestionHistory>\n          <examPaperId>0</examPaperId>\n          <questionId>136</questionId>\n          <time>2020-06-10 06:20:59.93 UTC</time>\n          <answer>D</answer>\n          <myAnswer>B</myAnswer>\n          <isRight>false</isRight>\n          <questionTypeId>1</questionTypeId>\n          <pointId>1</pointId>\n          <from>0</from>\n        </com.extr.domain.question.QuestionHistory>\n      </entry>\n      <entry>\n        <int>137</int>\n        <com.extr.domain.question.QuestionHistory>\n          <examPaperId>0</examPaperId>\n          <questionId>137</questionId>\n          <time>2020-06-10 06:20:45.72 UTC</time>\n          <answer>B</answer>\n          <myAnswer>A</myAnswer>\n          <isRight>false</isRight>\n          <questionTypeId>1</questionTypeId>\n          <pointId>1</pointId>\n          <from>0</from>\n        </com.extr.domain.question.QuestionHistory>\n      </entry>\n    </tree-map>\n  </entry>\n  <entry>\n    <int>1</int>\n    <tree-map>\n      <entry>\n        <int>134</int>\n        <com.extr.domain.question.QuestionHistory>\n          <examPaperId>0</examPaperId>\n          <questionId>134</questionId>\n          <time>2020-06-11 02:06:12.803 UTC</time>\n          <answer>B</answer>\n          <myAnswer>B</myAnswer>\n          <isRight>true</isRight>\n          <questionTypeId>1</questionTypeId>\n          <pointId>3</pointId>\n          <from>0</from>\n        </com.extr.domain.question.QuestionHistory>\n      </entry>\n    </tree-map>\n  </entry>\n</map>','2020-06-10 05:57:46');
/*!40000 ALTER TABLE `et_user_question_history_t` ENABLE KEYS */;
UNLOCK TABLES;

--
-- Table structure for table `t_c3p0`
--

DROP TABLE IF EXISTS `t_c3p0`;
/*!40101 SET @saved_cs_client     = @@character_set_client */;
/*!40101 SET character_set_client = utf8 */;
CREATE TABLE `t_c3p0` (
  `a` char(1) DEFAULT NULL
) ENGINE=InnoDB DEFAULT CHARSET=utf8;
/*!40101 SET character_set_client = @saved_cs_client */;

--
-- Dumping data for table `t_c3p0`
--

LOCK TABLES `t_c3p0` WRITE;
/*!40000 ALTER TABLE `t_c3p0` DISABLE KEYS */;
/*!40000 ALTER TABLE `t_c3p0` ENABLE KEYS */;
UNLOCK TABLES;
/*!40103 SET TIME_ZONE=@OLD_TIME_ZONE */;

/*!40101 SET SQL_MODE=@OLD_SQL_MODE */;
/*!40014 SET FOREIGN_KEY_CHECKS=@OLD_FOREIGN_KEY_CHECKS */;
/*!40014 SET UNIQUE_CHECKS=@OLD_UNIQUE_CHECKS */;
/*!40101 SET CHARACTER_SET_CLIENT=@OLD_CHARACTER_SET_CLIENT */;
/*!40101 SET CHARACTER_SET_RESULTS=@OLD_CHARACTER_SET_RESULTS */;
/*!40101 SET COLLATION_CONNECTION=@OLD_COLLATION_CONNECTION */;
/*!40111 SET SQL_NOTES=@OLD_SQL_NOTES */;

-- Dump completed on 2020-06-11 10:09:20
